fixture,league,market,market_display,model_prob,entry_odds,bookmaker,match_date,leg_id,ft_result,hit,status,closing_odds,clv_pct,clv_source,primary_source,f2_sources,f2_agreed
Osasuna v Getafe (La Liga),La Liga,1X2_HOME,Home Win,0.4162353944982511,0,Bet365,2026-08-31,Osasuna_v_Getafe_La_Liga_1X2_HOME_2026-08-31,NO DATA,False,NO DATA — PENDING,,,,football-data.co.uk (no data),,False
Osasuna v Getafe (La Liga),La Liga,1X2_DRAW,Draw,0.3433673085510861,0,Bet365,2026-08-31,Osasuna_v_Getafe_La_Liga_1X2_DRAW_2026-08-31,NO DATA,False,NO DATA — PENDING,,,,football-data.co.uk (no data),,False
Osasuna v Getafe (La Liga),La Liga,1X2_AWAY,Away Win,0.2403972969506627,0,Bet365,2026-08-31,Osasuna_v_Getafe_La_Liga_1X2_AWAY_2026-08-31,NO DATA,False,NO DATA — PENDING,,,,football-data.co.uk (no data),,False
Osasuna v Getafe (La Liga),La Liga,OVER_1_5,Over 1.5,0.49267304717913907,0,Bet365,2026-08-31,Osasuna_v_Getafe_La_Liga_OVER_1_5_2026-08-31,NO DATA,False,NO DATA — PENDING,,,,football-data.co.uk (no data),,False
Osasuna v Getafe (La Liga),La Liga,OVER_2_5,Over 2.5,0.2296959268589721,0,Bet365,2026-08-31,Osasuna_v_Getafe_La_Liga_OVER_2_5_2026-08-31,NO DATA,False,NO DATA — PENDING,,,,football-data.co.uk (no data),,False
Osasuna v Getafe (La Liga),La Liga,OVER_3_5,Over 3.5,0.08588530348499403,0,Bet365,2026-08-31,Osasuna_v_Getafe_La_Liga_OVER_3_5_2026-08-31,NO DATA,False,NO DATA — PENDING,,,,football-data.co.uk (no data),,False
Osasuna v Getafe (La Liga),La Liga,BTTS_YES,BTTS Yes,0.30644776467200274,0,Bet365,2026-08-31,Osasuna_v_Getafe_La_Liga_BTTS_YES_2026-08-31,NO DATA,False,NO DATA — PENDING,,,,football-data.co.uk (no data),,False
Osasuna v Getafe (La Liga),La Liga,BTTS_NO,BTTS No,0.6935522353279973,1.53,Bet365,2026-08-31,Osasuna_v_Getafe_La_Liga_BTTS_NO_2026-08-31,NO DATA,False,NO DATA — PENDING,,,,football-data.co.uk (no data),,False
Barcelona v Rayo Vallecano (La Liga),La Liga,1X2_HOME,Home Win,0.7560284276084965,0,Bet365,2026-08-31,Barcelona_v_Rayo_Vallecano_La_Liga_1X2_HOME_2026-08-31,NO DATA,False,NO DATA — PENDING,,,,football-data.co.uk (no data),,False
Barcelona v Rayo Vallecano (La Liga),La Liga,1X2_DRAW,Draw,0.1993807505578227,0,Bet365,2026-08-31,Barcelona_v_Rayo_Vallecano_La_Liga_1X2_DRAW_2026-08-31,NO DATA,False,NO DATA — PENDING,,,,football-data.co.uk (no data),,False
Barcelona v Rayo Vallecano (La Liga),La Liga,1X2_AWAY,Away Win,0.044590821833680766,0,Bet365,2026-08-31,Barcelona_v_Rayo_Vallecano_La_Liga_1X2_AWAY_2026-08-31,NO DATA,False,NO DATA — PENDING,,,,football-data.co.uk (no data),,False
Aston Villa v Arsenal (Premier League),Premier League,1X2_HOME,Home Win,0.18332942720861922,0,Bet365,2026-08-31,Aston_Villa_v_Arsenal_Premier_League_1X2_HOME_2026-08-31,NO DATA,False,NO DATA — PENDING,,,,football-data.co.uk (no data),,False
Aston Villa v Arsenal (Premier League),Premier League,1X2_DRAW,Draw,0.29680941931390814,0,Bet365,2026-08-31,Aston_Villa_v_Arsenal_Premier_League_1X2_DRAW_2026-08-31,NO DATA,False,NO DATA — PENDING,,,,football-data.co.uk (no data),,False
Aston Villa v Arsenal (Premier League),Premier League,1X2_AWAY,Away Win,0.5198611534774726,0,Bet365,2026-08-31,Aston_Villa_v_Arsenal_Premier_League_1X2_AWAY_2026-08-31,NO DATA,False,NO DATA — PENDING,,,,football-data.co.uk (no data),,False
Aston Villa v Arsenal (Premier League),Premier League,OVER_1_5,Over 1.5,0.7020631863906504,0,Bet365,2026-08-31,Aston_Villa_v_Arsenal_Premier_League_OVER_1_5_2026-08-31,NO DATA,False,NO DATA — PENDING,,,,football-data.co.uk (no data),,False
Aston Villa v Arsenal (Premier League),Premier League,OVER_2_5,Over 2.5,0.4196940861113739,0,Bet365,2026-08-31,Aston_Villa_v_Arsenal_Premier_League_OVER_2_5_2026-08-31,NO DATA,False,NO DATA — PENDING,,,,football-data.co.uk (no data),,False
Aston Villa v Arsenal (Premier League),Premier League,OVER_3_5,Over 3.5,0.21287061165989898,0,Bet365,2026-08-31,Aston_Villa_v_Arsenal_Premier_League_OVER_3_5_2026-08-31,NO DATA,False,NO DATA — PENDING,,,,football-data.co.uk (no data),,False
Aston Villa v Arsenal (Premier League),Premier League,BTTS_YES,BTTS Yes,0.4606851738205182,0,Bet365,2026-08-31,Aston_Villa_v_Arsenal_Premier_League_BTTS_YES_2026-08-31,NO DATA,False,NO DATA — PENDING,,,,football-data.co.uk (no data),,False
Aston Villa v Arsenal (Premier League),Premier League,BTTS_NO,BTTS No,0.5393148261794818,1.8,Bet365,2026-08-31,Aston_Villa_v_Arsenal_Premier_League_BTTS_NO_2026-08-31,NO DATA,False,NO DATA — PENDING,,,,football-data.co.uk (no data),,False
Benfica v Estoril (Primeira Liga),Primeira Liga,1X2_HOME,Home Win,0.8108370244810368,0,Bet365,2026-08-31,Benfica_v_Estoril_Primeira_Liga_1X2_HOME_2026-08-31,NO DATA,False,NO DATA — PENDING,,,,football-data.co.uk (no data),,False
Benfica v Estoril (Primeira Liga),Primeira Liga,1X2_DRAW,Draw,0.11954778824004081,0,Bet365,2026-08-31,Benfica_v_Estoril_Primeira_Liga_1X2_DRAW_2026-08-31,NO DATA,False,NO DATA — PENDING,,,,football-data.co.uk (no data),,False
Benfica v Estoril (Primeira Liga),Primeira Liga,1X2_AWAY,Away Win,0.06961518727892237,0,Bet365,2026-08-31,Benfica_v_Estoril_Primeira_Liga_1X2_AWAY_2026-08-31,NO DATA,False,NO DATA — PENDING,,,,football-data.co.uk (no data),,False
Benfica v Estoril (Primeira Liga),Primeira Liga,OVER_1_5,Over 1.5,0.8949448416358889,0,Bet365,2026-08-31,Benfica_v_Estoril_Primeira_Liga_OVER_1_5_2026-08-31,NO DATA,False,NO DATA — PENDING,,,,football-data.co.uk (no data),,False
Benfica v Estoril (Primeira Liga),Primeira Liga,OVER_2_5,Over 2.5,0.7346481199024506,1.4,Bet365,2026-08-31,Benfica_v_Estoril_Primeira_Liga_OVER_2_5_2026-08-31,NO DATA,False,NO DATA — PENDING,,,,football-data.co.uk (no data),,False
Benfica v Estoril (Primeira Liga),Primeira Liga,OVER_3_5,Over 3.5,0.5309790051015084,0,Bet365,2026-08-31,Benfica_v_Estoril_Primeira_Liga_OVER_3_5_2026-08-31,NO DATA,False,NO DATA — PENDING,,,,football-data.co.uk (no data),,False
Benfica v Estoril (Primeira Liga),Primeira Liga,BTTS_YES,BTTS Yes,0.5297069079833383,0,Bet365,2026-08-31,Benfica_v_Estoril_Primeira_Liga_BTTS_YES_2026-08-31,NO DATA,False,NO DATA — PENDING,,,,football-data.co.uk (no data),,False
Benfica v Estoril (Primeira Liga),Primeira Liga,BTTS_NO,BTTS No,0.4702930920166617,0,Bet365,2026-08-31,Benfica_v_Estoril_Primeira_Liga_BTTS_NO_2026-08-31,NO DATA,False,NO DATA — PENDING,,,,football-data.co.uk (no data),,False
Lecce v AS Roma (Serie A),Serie A,1X2_HOME,Home Win,0.12688060262025125,0,Bet365,2026-08-31,Lecce_v_AS_Roma_Serie_A_1X2_HOME_2026-08-31,NO DATA,False,NO DATA — PENDING,,,,football-data.co.uk (no data),,False
Lecce v AS Roma (Serie A),Serie A,1X2_DRAW,Draw,0.24889730080889047,0,Bet365,2026-08-31,Lecce_v_AS_Roma_Serie_A_1X2_DRAW_2026-08-31,NO DATA,False,NO DATA — PENDING,,,,football-data.co.uk (no data),,False
Lecce v AS Roma (Serie A),Serie A,1X2_AWAY,Away Win,0.6242220965708581,1.45,Bet365,2026-08-31,Lecce_v_AS_Roma_Serie_A_1X2_AWAY_2026-08-31,NO DATA,False,NO DATA — PENDING,,,,football-data.co.uk (no data),,False
Lecce v AS Roma (Serie A),Serie A,OVER_1_5,Over 1.5,0.6137067995020655,0,Bet365,2026-08-31,Lecce_v_AS_Roma_Serie_A_OVER_1_5_2026-08-31,NO DATA,False,NO DATA — PENDING,,,,football-data.co.uk (no data),,False
Lecce v AS Roma (Serie A),Serie A,OVER_2_5,Over 2.5,0.34466859549775986,0,Bet365,2026-08-31,Lecce_v_AS_Roma_Serie_A_OVER_2_5_2026-08-31,NO DATA,False,NO DATA — PENDING,,,,football-data.co.uk (no data),,False
Lecce v AS Roma (Serie A),Serie A,OVER_3_5,Over 3.5,0.15738687565920761,0,Bet365,2026-08-31,Lecce_v_AS_Roma_Serie_A_OVER_3_5_2026-08-31,NO DATA,False,NO DATA — PENDING,,,,football-data.co.uk (no data),,False
Lecce v AS Roma (Serie A),Serie A,BTTS_YES,BTTS Yes,0.3237803877274237,0,Bet365,2026-08-31,Lecce_v_AS_Roma_Serie_A_BTTS_YES_2026-08-31,NO DATA,False,NO DATA — PENDING,,,,football-data.co.uk (no data),,False
Lecce v AS Roma (Serie A),Serie A,BTTS_NO,BTTS No,0.6762196122725763,0,Bet365,2026-08-31,Lecce_v_AS_Roma_Serie_A_BTTS_NO_2026-08-31,NO DATA,False,NO DATA — PENDING,,,,football-data.co.uk (no data),,False
Osasuna v Getafe (La Liga),La Liga,1X2_HOME,Home Win,0.4162353944982511,0,Bet365,2026-08-31,Osasuna_v_Getafe_La_Liga_1X2_HOME_2026-08-31,NO DATA,False,NO DATA — PENDING,,,,football-data.co.uk (no data),,False
Osasuna v Getafe (La Liga),La Liga,1X2_DRAW,Draw,0.3433673085510861,0,Bet365,2026-08-31,Osasuna_v_Getafe_La_Liga_1X2_DRAW_2026-08-31,NO DATA,False,NO DATA — PENDING,,,,football-data.co.uk (no data),,False
Osasuna v Getafe (La Liga),La Liga,1X2_AWAY,Away Win,0.2403972969506627,0,Bet365,2026-08-31,Osasuna_v_Getafe_La_Liga_1X2_AWAY_2026-08-31,NO DATA,False,NO DATA — PENDING,,,,football-data.co.uk (no data),,False
Osasuna v Getafe (La Liga),La Liga,OVER_1_5,Over 1.5,0.49267304717913907,0,Bet365,2026-08-31,Osasuna_v_Getafe_La_Liga_OVER_1_5_2026-08-31,NO DATA,False,NO DATA — PENDING,,,,football-data.co.uk (no data),,False
Osasuna v Getafe (La Liga),La Liga,OVER_2_5,Over 2.5,0.2296959268589721,0,Bet365,2026-08-31,Osasuna_v_Getafe_La_Liga_OVER_2_5_2026-08-31,NO DATA,False,NO DATA — PENDING,,,,football-data.co.uk (no data),,False
Osasuna v Getafe (La Liga),La Liga,OVER_3_5,Over 3.5,0.08588530348499403,0,Bet365,2026-08-31,Osasuna_v_Getafe_La_Liga_OVER_3_5_2026-08-31,NO DATA,False,NO DATA — PENDING,,,,football-data.co.uk (no data),,False
Osasuna v Getafe (La Liga),La Liga,BTTS_YES,BTTS Yes,0.30644776467200274,0,Bet365,2026-08-31,Osasuna_v_Getafe_La_Liga_BTTS_YES_2026-08-31,NO DATA,False,NO DATA — PENDING,,,,football-data.co.uk (no data),,False
Osasuna v Getafe (La Liga),La Liga,BTTS_NO,BTTS No,0.6935522353279973,1.53,Bet365,2026-08-31,Osasuna_v_Getafe_La_Liga_BTTS_NO_2026-08-31,NO DATA,False,NO DATA — PENDING,,,,football-data.co.uk (no data),,False
Barcelona v Rayo Vallecano (La Liga),La Liga,1X2_HOME,Home Win,0.7560284276084965,0,Bet365,2026-08-31,Barcelona_v_Rayo_Vallecano_La_Liga_1X2_HOME_2026-08-31,NO DATA,False,NO DATA — PENDING,,,,football-data.co.uk (no data),,False
Barcelona v Rayo Vallecano (La Liga),La Liga,1X2_DRAW,Draw,0.1993807505578227,0,Bet365,2026-08-31,Barcelona_v_Rayo_Vallecano_La_Liga_1X2_DRAW_2026-08-31,NO DATA,False,NO DATA — PENDING,,,,football-data.co.uk (no data),,False
Barcelona v Rayo Vallecano (La Liga),La Liga,1X2_AWAY,Away Win,0.044590821833680766,0,Bet365,2026-08-31,Barcelona_v_Rayo_Vallecano_La_Liga_1X2_AWAY_2026-08-31,NO DATA,False,NO DATA — PENDING,,,,football-data.co.uk (no data),,False
Aston Villa v Arsenal (Premier League),Premier League,1X2_HOME,Home Win,0.18332942720861922,0,Bet365,2026-08-31,Aston_Villa_v_Arsenal_Premier_League_1X2_HOME_2026-08-31,NO DATA,False,NO DATA — PENDING,,,,football-data.co.uk (no data),,False
Aston Villa v Arsenal (Premier League),Premier League,1X2_DRAW,Draw,0.29680941931390814,0,Bet365,2026-08-31,Aston_Villa_v_Arsenal_Premier_League_1X2_DRAW_2026-08-31,NO DATA,False,NO DATA — PENDING,,,,football-data.co.uk (no data),,False
Aston Villa v Arsenal (Premier League),Premier League,1X2_AWAY,Away Win,0.5198611534774726,0,Bet365,2026-08-31,Aston_Villa_v_Arsenal_Premier_League_1X2_AWAY_2026-08-31,NO DATA,False,NO DATA — PENDING,,,,football-data.co.uk (no data),,False
Aston Villa v Arsenal (Premier League),Premier League,OVER_1_5,Over 1.5,0.7020631863906504,0,Bet365,2026-08-31,Aston_Villa_v_Arsenal_Premier_League_OVER_1_5_2026-08-31,NO DATA,False,NO DATA — PENDING,,,,football-data.co.uk (no data),,False
Aston Villa v Arsenal (Premier League),Premier League,OVER_2_5,Over 2.5,0.4196940861113739,0,Bet365,2026-08-31,Aston_Villa_v_Arsenal_Premier_League_OVER_2_5_2026-08-31,NO DATA,False,NO DATA — PENDING,,,,football-data.co.uk (no data),,False
Aston Villa v Arsenal (Premier League),Premier League,OVER_3_5,Over 3.5,0.21287061165989898,0,Bet365,2026-08-31,Aston_Villa_v_Arsenal_Premier_League_OVER_3_5_2026-08-31,NO DATA,False,NO DATA — PENDING,,,,football-data.co.uk (no data),,False
Aston Villa v Arsenal (Premier League),Premier League,BTTS_YES,BTTS Yes,0.4606851738205182,0,Bet365,2026-08-31,Aston_Villa_v_Arsenal_Premier_League_BTTS_YES_2026-08-31,NO DATA,False,NO DATA — PENDING,,,,football-data.co.uk (no data),,False
Aston Villa v Arsenal (Premier League),Premier League,BTTS_NO,BTTS No,0.5393148261794818,1.8,Bet365,2026-08-31,Aston_Villa_v_Arsenal_Premier_League_BTTS_NO_2026-08-31,NO DATA,False,NO DATA — PENDING,,,,football-data.co.uk (no data),,False
Benfica v Estoril (Primeira Liga),Primeira Liga,1X2_HOME,Home Win,0.8108370244810368,0,Bet365,2026-08-31,Benfica_v_Estoril_Primeira_Liga_1X2_HOME_2026-08-31,NO DATA,False,NO DATA — PENDING,,,,football-data.co.uk (no data),,False
Benfica v Estoril (Primeira Liga),Primeira Liga,1X2_DRAW,Draw,0.11954778824004081,0,Bet365,2026-08-31,Benfica_v_Estoril_Primeira_Liga_1X2_DRAW_2026-08-31,NO DATA,False,NO DATA — PENDING,,,,football-data.co.uk (no data),,False
Benfica v Estoril (Primeira Liga),Primeira Liga,1X2_AWAY,Away Win,0.06961518727892237,0,Bet365,2026-08-31,Benfica_v_Estoril_Primeira_Liga_1X2_AWAY_2026-08-31,NO DATA,False,NO DATA — PENDING,,,,football-data.co.uk (no data),,False
Benfica v Estoril (Primeira Liga),Primeira Liga,OVER_1_5,Over 1.5,0.8949448416358889,0,Bet365,2026-08-31,Benfica_v_Estoril_Primeira_Liga_OVER_1_5_2026-08-31,NO DATA,False,NO DATA — PENDING,,,,football-data.co.uk (no data),,False
Benfica v Estoril (Primeira Liga),Primeira Liga,OVER_2_5,Over 2.5,0.7346481199024506,1.4,Bet365,2026-08-31,Benfica_v_Estoril_Primeira_Liga_OVER_2_5_2026-08-31,NO DATA,False,NO DATA — PENDING,,,,football-data.co.uk (no data),,False
Benfica v Estoril (Primeira Liga),Primeira Liga,OVER_3_5,Over 3.5,0.5309790051015084,0,Bet365,2026-08-31,Benfica_v_Estoril_Primeira_Liga_OVER_3_5_2026-08-31,NO DATA,False,NO DATA — PENDING,,,,football-data.co.uk (no data),,False
Benfica v Estoril (Primeira Liga),Primeira Liga,BTTS_YES,BTTS Yes,0.5297069079833383,0,Bet365,2026-08-31,Benfica_v_Estoril_Primeira_Liga_BTTS_YES_2026-08-31,NO DATA,False,NO DATA — PENDING,,,,football-data.co.uk (no data),,False
Benfica v Estoril (Primeira Liga),Primeira Liga,BTTS_NO,BTTS No,0.4702930920166617,0,Bet365,2026-08-31,Benfica_v_Estoril_Primeira_Liga_BTTS_NO_2026-08-31,NO DATA,False,NO DATA — PENDING,,,,football-data.co.uk (no data),,False
Lecce v AS Roma (Serie A),Serie A,1X2_HOME,Home Win,0.12688060262025125,0,Bet365,2026-08-31,Lecce_v_AS_Roma_Serie_A_1X2_HOME_2026-08-31,NO DATA,False,NO DATA — PENDING,,,,football-data.co.uk (no data),,False
Lecce v AS Roma (Serie A),Serie A,1X2_DRAW,Draw,0.24889730080889047,0,Bet365,2026-08-31,Lecce_v_AS_Roma_Serie_A_1X2_DRAW_2026-08-31,NO DATA,False,NO DATA — PENDING,,,,football-data.co.uk (no data),,False
Lecce v AS Roma (Serie A),Serie A,1X2_AWAY,Away Win,0.6242220965708581,1.45,Bet365,2026-08-31,Lecce_v_AS_Roma_Serie_A_1X2_AWAY_2026-08-31,NO DATA,False,NO DATA — PENDING,,,,football-data.co.uk (no data),,False
Lecce v AS Roma (Serie A),Serie A,OVER_1_5,Over 1.5,0.6137067995020655,0,Bet365,2026-08-31,Lecce_v_AS_Roma_Serie_A_OVER_1_5_2026-08-31,NO DATA,False,NO DATA — PENDING,,,,football-data.co.uk (no data),,False
Lecce v AS Roma (Serie A),Serie A,OVER_2_5,Over 2.5,0.34466859549775986,0,Bet365,2026-08-31,Lecce_v_AS_Roma_Serie_A_OVER_2_5_2026-08-31,NO DATA,False,NO DATA — PENDING,,,,football-data.co.uk (no data),,False
Lecce v AS Roma (Serie A),Serie A,OVER_3_5,Over 3.5,0.15738687565920761,0,Bet365,2026-08-31,Lecce_v_AS_Roma_Serie_A_OVER_3_5_2026-08-31,NO DATA,False,NO DATA — PENDING,,,,football-data.co.uk (no data),,False
Lecce v AS Roma (Serie A),Serie A,BTTS_YES,BTTS Yes,0.3237803877274237,0,Bet365,2026-08-31,Lecce_v_AS_Roma_Serie_A_BTTS_YES_2026-08-31,NO DATA,False,NO DATA — PENDING,,,,football-data.co.uk (no data),,False
Lecce v AS Roma (Serie A),Serie A,BTTS_NO,BTTS No,0.6762196122725763,0,Bet365,2026-08-31,Lecce_v_AS_Roma_Serie_A_BTTS_NO_2026-08-31,NO DATA,False,NO DATA — PENDING,,,,football-data.co.uk (no data),,False
Antwerp v Genk (Belgian Pro League),Belgian Pro League,1X2_HOME,Home Win,0.34520033210247797,0,Bet365,2026-08-22,Antwerp_v_Genk_Belgian_Pro_League_1X2_HOME_2026-08-22,NO DATA,False,NO DATA — PENDING,,,,football-data.co.uk (no data),,False
Antwerp v Genk (Belgian Pro League),Belgian Pro League,1X2_DRAW,Draw,0.294765191890554,0,Bet365,2026-08-22,Antwerp_v_Genk_Belgian_Pro_League_1X2_DRAW_2026-08-22,NO DATA,False,NO DATA — PENDING,,,,football-data.co.uk (no data),,False
Antwerp v Genk (Belgian Pro League),Belgian Pro League,1X2_AWAY,Away Win,0.3600344760069682,0,Bet365,2026-08-22,Antwerp_v_Genk_Belgian_Pro_League_1X2_AWAY_2026-08-22,NO DATA,False,NO DATA — PENDING,,,,football-data.co.uk (no data),,False
Antwerp v Genk (Belgian Pro League),Belgian Pro League,OVER_1_5,Over 1.5,0.6954547372917326,0,Bet365,2026-08-22,Antwerp_v_Genk_Belgian_Pro_League_OVER_1_5_2026-08-22,NO DATA,False,NO DATA — PENDING,,,,football-data.co.uk (no data),,False
Antwerp v Genk (Belgian Pro League),Belgian Pro League,OVER_2_5,Over 2.5,0.4249238738295679,0,Bet365,2026-08-22,Antwerp_v_Genk_Belgian_Pro_League_OVER_2_5_2026-08-22,NO DATA,False,NO DATA — PENDING,,,,football-data.co.uk (no data),,False
Antwerp v Genk (Belgian Pro League),Belgian Pro League,OVER_3_5,Over 3.5,0.21700150455377518,0,Bet365,2026-08-22,Antwerp_v_Genk_Belgian_Pro_League_OVER_3_5_2026-08-22,NO DATA,False,NO DATA — PENDING,,,,football-data.co.uk (no data),,False
Antwerp v Genk (Belgian Pro League),Belgian Pro League,BTTS_YES,BTTS Yes,0.49231751220798736,0,Bet365,2026-08-22,Antwerp_v_Genk_Belgian_Pro_League_BTTS_YES_2026-08-22,NO DATA,False,NO DATA — PENDING,,,,football-data.co.uk (no data),,False
Antwerp v Genk (Belgian Pro League),Belgian Pro League,BTTS_NO,BTTS No,0.5076824877920126,0,Bet365,2026-08-22,Antwerp_v_Genk_Belgian_Pro_League_BTTS_NO_2026-08-22,NO DATA,False,NO DATA — PENDING,,,,football-data.co.uk (no data),,False
Charleroi v Mechelen (Belgian Pro League),Belgian Pro League,1X2_HOME,Home Win,0.43034751703705454,0,Bet365,2026-08-22,Charleroi_v_Mechelen_Belgian_Pro_League_1X2_HOME_2026-08-22,NO DATA,False,NO DATA — PENDING,,,,football-data.co.uk (no data),,False
Charleroi v Mechelen (Belgian Pro League),Belgian Pro League,1X2_DRAW,Draw,0.2818611153712719,0,Bet365,2026-08-22,Charleroi_v_Mechelen_Belgian_Pro_League_1X2_DRAW_2026-08-22,NO DATA,False,NO DATA — PENDING,,,,football-data.co.uk (no data),,False
Charleroi v Mechelen (Belgian Pro League),Belgian Pro League,1X2_AWAY,Away Win,0.28779136759167345,0,Bet365,2026-08-22,Charleroi_v_Mechelen_Belgian_Pro_League_1X2_AWAY_2026-08-22,NO DATA,False,NO DATA — PENDING,,,,football-data.co.uk (no data),,False
Charleroi v Mechelen (Belgian Pro League),Belgian Pro League,OVER_1_5,Over 1.5,0.7228234935045053,0,Bet365,2026-08-22,Charleroi_v_Mechelen_Belgian_Pro_League_OVER_1_5_2026-08-22,NO DATA,False,NO DATA — PENDING,,,,football-data.co.uk (no data),,False
Charleroi v Mechelen (Belgian Pro League),Belgian Pro League,OVER_2_5,Over 2.5,0.4587495362131815,0,Bet365,2026-08-22,Charleroi_v_Mechelen_Belgian_Pro_League_OVER_2_5_2026-08-22,NO DATA,False,NO DATA — PENDING,,,,football-data.co.uk (no data),,False
Charleroi v Mechelen (Belgian Pro League),Belgian Pro League,OVER_3_5,Over 3.5,0.24456358294631986,0,Bet365,2026-08-22,Charleroi_v_Mechelen_Belgian_Pro_League_OVER_3_5_2026-08-22,NO DATA,False,NO DATA — PENDING,,,,football-data.co.uk (no data),,False
Charleroi v Mechelen (Belgian Pro League),Belgian Pro League,BTTS_YES,BTTS Yes,0.5127314288373839,0,Bet365,2026-08-22,Charleroi_v_Mechelen_Belgian_Pro_League_BTTS_YES_2026-08-22,NO DATA,False,NO DATA — PENDING,,,,football-data.co.uk (no data),,False
Charleroi v Mechelen (Belgian Pro League),Belgian Pro League,BTTS_NO,BTTS No,0.4872685711626161,0,Bet365,2026-08-22,Charleroi_v_Mechelen_Belgian_Pro_League_BTTS_NO_2026-08-22,NO DATA,False,NO DATA — PENDING,,,,football-data.co.uk (no data),,False
Birmingham v Bristol City (Championship),Championship,1X2_HOME,Home Win,0.3979401497338348,0,Bet365,2026-08-22,Birmingham_v_Bristol_City_Championship_1X2_HOME_2026-08-22,NO DATA,False,NO DATA — PENDING,,,,football-data.co.uk (no data),,False
Birmingham v Bristol City (Championship),Championship,1X2_DRAW,Draw,0.30157498450389963,0,Bet365,2026-08-22,Birmingham_v_Bristol_City_Championship_1X2_DRAW_2026-08-22,NO DATA,False,NO DATA — PENDING,,,,football-data.co.uk (no data),,False
Birmingham v Bristol City (Championship),Championship,1X2_AWAY,Away Win,0.3004848657622658,0,Bet365,2026-08-22,Birmingham_v_Bristol_City_Championship_1X2_AWAY_2026-08-22,NO DATA,False,NO DATA — PENDING,,,,football-data.co.uk (no data),,False
Birmingham v Bristol City (Championship),Championship,OVER_1_5,Over 1.5,0.7037421246777193,0,Bet365,2026-08-22,Birmingham_v_Bristol_City_Championship_OVER_1_5_2026-08-22,NO DATA,False,NO DATA — PENDING,,,,football-data.co.uk (no data),,False
Birmingham v Bristol City (Championship),Championship,OVER_2_5,Over 2.5,0.429076802567446,0,Bet365,2026-08-22,Birmingham_v_Bristol_City_Championship_OVER_2_5_2026-08-22,NO DATA,False,NO DATA — PENDING,,,,football-data.co.uk (no data),,False
Birmingham v Bristol City (Championship),Championship,OVER_3_5,Over 3.5,0.22030641690109148,0,Bet365,2026-08-22,Birmingham_v_Bristol_City_Championship_OVER_3_5_2026-08-22,NO DATA,False,NO DATA — PENDING,,,,football-data.co.uk (no data),,False
Birmingham v Bristol City (Championship),Championship,BTTS_YES,BTTS Yes,0.49749255374259893,0,Bet365,2026-08-22,Birmingham_v_Bristol_City_Championship_BTTS_YES_2026-08-22,NO DATA,False,NO DATA — PENDING,,,,football-data.co.uk (no data),,False
Birmingham v Bristol City (Championship),Championship,BTTS_NO,BTTS No,0.5025074462574011,2.0,Bet365,2026-08-22,Birmingham_v_Bristol_City_Championship_BTTS_NO_2026-08-22,NO DATA,False,NO DATA — PENDING,,,,football-data.co.uk (no data),,False
Millwall v Norwich (Championship),Championship,1X2_HOME,Home Win,0.44382415569174116,0,Bet365,2026-08-22,Millwall_v_Norwich_Championship_1X2_HOME_2026-08-22,NO DATA,False,NO DATA — PENDING,,,,football-data.co.uk (no data),,False
Millwall v Norwich (Championship),Championship,1X2_DRAW,Draw,0.29517764759296355,0,Bet365,2026-08-22,Millwall_v_Norwich_Championship_1X2_DRAW_2026-08-22,NO DATA,False,NO DATA — PENDING,,,,football-data.co.uk (no data),,False
Millwall v Norwich (Championship),Championship,1X2_AWAY,Away Win,0.2609981967152952,0,Bet365,2026-08-22,Millwall_v_Norwich_Championship_1X2_AWAY_2026-08-22,NO DATA,False,NO DATA — PENDING,,,,football-data.co.uk (no data),,False
Millwall v Norwich (Championship),Championship,OVER_1_5,Over 1.5,0.7079516962183061,0,Bet365,2026-08-22,Millwall_v_Norwich_Championship_OVER_1_5_2026-08-22,NO DATA,False,NO DATA — PENDING,,,,football-data.co.uk (no data),,False
Millwall v Norwich (Championship),Championship,OVER_2_5,Over 2.5,0.43447813043763023,0,Bet365,2026-08-22,Millwall_v_Norwich_Championship_OVER_2_5_2026-08-22,NO DATA,False,NO DATA — PENDING,,,,football-data.co.uk (no data),,False
Millwall v Norwich (Championship),Championship,OVER_3_5,Over 3.5,0.22463769009036566,0,Bet365,2026-08-22,Millwall_v_Norwich_Championship_OVER_3_5_2026-08-22,NO DATA,False,NO DATA — PENDING,,,,football-data.co.uk (no data),,False
Millwall v Norwich (Championship),Championship,BTTS_YES,BTTS Yes,0.49377323238428505,0,Bet365,2026-08-22,Millwall_v_Norwich_Championship_BTTS_YES_2026-08-22,NO DATA,False,NO DATA — PENDING,,,,football-data.co.uk (no data),,False
Millwall v Norwich (Championship),Championship,BTTS_NO,BTTS No,0.506226767615715,0,Bet365,2026-08-22,Millwall_v_Norwich_Championship_BTTS_NO_2026-08-22,NO DATA,False,NO DATA — PENDING,,,,football-data.co.uk (no data),,False
Lincoln v Portsmouth (Championship),Championship,1X2_HOME,Home Win,0.0158098934849306,0,Bet365,2026-08-22,Lincoln_v_Portsmouth_Championship_1X2_HOME_2026-08-22,NO DATA,False,NO DATA — PENDING,,,,football-data.co.uk (no data),,False
Lincoln v Portsmouth (Championship),Championship,1X2_DRAW,Draw,0.18168162839316582,0,Bet365,2026-08-22,Lincoln_v_Portsmouth_Championship_1X2_DRAW_2026-08-22,NO DATA,False,NO DATA — PENDING,,,,football-data.co.uk (no data),,False
Lincoln v Portsmouth (Championship),Championship,1X2_AWAY,Away Win,0.8025084781219036,0,Bet365,2026-08-22,Lincoln_v_Portsmouth_Championship_1X2_AWAY_2026-08-22,NO DATA,False,NO DATA — PENDING,,,,football-data.co.uk (no data),,False
West Ham v Charlton (Championship),Championship,1X2_HOME,Home Win,0.8096997288171129,0,Bet365,2026-08-22,West_Ham_v_Charlton_Championship_1X2_HOME_2026-08-22,NO DATA,False,NO DATA — PENDING,,,,football-data.co.uk (no data),,False
West Ham v Charlton (Championship),Championship,1X2_DRAW,Draw,0.17830945446848342,0,Bet365,2026-08-22,West_Ham_v_Charlton_Championship_1X2_DRAW_2026-08-22,NO DATA,False,NO DATA — PENDING,,,,football-data.co.uk (no data),,False
West Ham v Charlton (Championship),Championship,1X2_AWAY,Away Win,0.011990816714403645,0,Bet365,2026-08-22,West_Ham_v_Charlton_Championship_1X2_AWAY_2026-08-22,NO DATA,False,NO DATA — PENDING,,,,football-data.co.uk (no data),,False
Preston v Wolves (Championship),Championship,1X2_HOME,Home Win,0.1834778372944641,0,Bet365,2026-08-22,Preston_v_Wolves_Championship_1X2_HOME_2026-08-22,NO DATA,False,NO DATA — PENDING,,,,football-data.co.uk (no data),,False
Preston v Wolves (Championship),Championship,1X2_DRAW,Draw,0.26086869460941775,0,Bet365,2026-08-22,Preston_v_Wolves_Championship_1X2_DRAW_2026-08-22,NO DATA,False,NO DATA — PENDING,,,,football-data.co.uk (no data),,False
Preston v Wolves (Championship),Championship,1X2_AWAY,Away Win,0.5556534680961182,0,Bet365,2026-08-22,Preston_v_Wolves_Championship_1X2_AWAY_2026-08-22,NO DATA,False,NO DATA — PENDING,,,,football-data.co.uk (no data),,False
Blackburn v Middlesbrough (Championship),Championship,1X2_HOME,Home Win,0.20723031282877608,0,Bet365,2026-08-22,Blackburn_v_Middlesbrough_Championship_1X2_HOME_2026-08-22,NO DATA,False,NO DATA — PENDING,,,,football-data.co.uk (no data),,False
Blackburn v Middlesbrough (Championship),Championship,1X2_DRAW,Draw,0.3121959195334635,0,Bet365,2026-08-22,Blackburn_v_Middlesbrough_Championship_1X2_DRAW_2026-08-22,NO DATA,False,NO DATA — PENDING,,,,football-data.co.uk (no data),,False
Blackburn v Middlesbrough (Championship),Championship,1X2_AWAY,Away Win,0.4805737676377604,0,Bet365,2026-08-22,Blackburn_v_Middlesbrough_Championship_1X2_AWAY_2026-08-22,NO DATA,False,NO DATA — PENDING,,,,football-data.co.uk (no data),,False
Blackburn v Middlesbrough (Championship),Championship,OVER_1_5,Over 1.5,0.6282713604231425,0,Bet365,2026-08-22,Blackburn_v_Middlesbrough_Championship_OVER_1_5_2026-08-22,NO DATA,False,NO DATA — PENDING,,,,football-data.co.uk (no data),,False
Blackburn v Middlesbrough (Championship),Championship,OVER_2_5,Over 2.5,0.34521413918552313,0,Bet365,2026-08-22,Blackburn_v_Middlesbrough_Championship_OVER_2_5_2026-08-22,NO DATA,False,NO DATA — PENDING,,,,football-data.co.uk (no data),,False
Blackburn v Middlesbrough (Championship),Championship,OVER_3_5,Over 3.5,0.15776533233814233,0,Bet365,2026-08-22,Blackburn_v_Middlesbrough_Championship_OVER_3_5_2026-08-22,NO DATA,False,NO DATA — PENDING,,,,football-data.co.uk (no data),,False
Blackburn v Middlesbrough (Championship),Championship,BTTS_YES,BTTS Yes,0.4053372302457897,0,Bet365,2026-08-22,Blackburn_v_Middlesbrough_Championship_BTTS_YES_2026-08-22,NO DATA,False,NO DATA — PENDING,,,,football-data.co.uk (no data),,False
Blackburn v Middlesbrough (Championship),Championship,BTTS_NO,BTTS No,0.5946627697542103,0,Bet365,2026-08-22,Blackburn_v_Middlesbrough_Championship_BTTS_NO_2026-08-22,NO DATA,False,NO DATA — PENDING,,,,football-data.co.uk (no data),,False
Derby v Cardiff (Championship),Championship,1X2_HOME,Home Win,0.5378016980480976,0,Bet365,2026-08-22,Derby_v_Cardiff_Championship_1X2_HOME_2026-08-22,NO DATA,False,NO DATA — PENDING,,,,football-data.co.uk (no data),,False
Derby v Cardiff (Championship),Championship,1X2_DRAW,Draw,0.25714305000566484,0,Bet365,2026-08-22,Derby_v_Cardiff_Championship_1X2_DRAW_2026-08-22,NO DATA,False,NO DATA — PENDING,,,,football-data.co.uk (no data),,False
Derby v Cardiff (Championship),Championship,1X2_AWAY,Away Win,0.20505525194623753,0,Bet365,2026-08-22,Derby_v_Cardiff_Championship_1X2_AWAY_2026-08-22,NO DATA,False,NO DATA — PENDING,,,,football-data.co.uk (no data),,False
Derby v Cardiff (Championship),Championship,OVER_1_5,Over 1.5,0.7016477293670406,0,Bet365,2026-08-22,Derby_v_Cardiff_Championship_OVER_1_5_2026-08-22,NO DATA,False,NO DATA — PENDING,,,,football-data.co.uk (no data),,False
Derby v Cardiff (Championship),Championship,OVER_2_5,Over 2.5,0.44020834167964584,0,Bet365,2026-08-22,Derby_v_Cardiff_Championship_OVER_2_5_2026-08-22,NO DATA,False,NO DATA — PENDING,,,,football-data.co.uk (no data),,False
Derby v Cardiff (Championship),Championship,OVER_3_5,Over 3.5,0.22927335896109285,0,Bet365,2026-08-22,Derby_v_Cardiff_Championship_OVER_3_5_2026-08-22,NO DATA,False,NO DATA — PENDING,,,,football-data.co.uk (no data),,False
Derby v Cardiff (Championship),Championship,BTTS_YES,BTTS Yes,0.4609914549559888,0,Bet365,2026-08-22,Derby_v_Cardiff_Championship_BTTS_YES_2026-08-22,NO DATA,False,NO DATA — PENDING,,,,football-data.co.uk (no data),,False
Derby v Cardiff (Championship),Championship,BTTS_NO,BTTS No,0.5390085450440112,0,Bet365,2026-08-22,Derby_v_Cardiff_Championship_BTTS_NO_2026-08-22,NO DATA,False,NO DATA — PENDING,,,,football-data.co.uk (no data),,False
Wrexham v Watford (Championship),Championship,1X2_HOME,Home Win,0.5027248647215031,0,Bet365,2026-08-22,Wrexham_v_Watford_Championship_1X2_HOME_2026-08-22,NO DATA,False,NO DATA — PENDING,,,,football-data.co.uk (no data),,False
Wrexham v Watford (Championship),Championship,1X2_DRAW,Draw,0.25718553293770935,0,Bet365,2026-08-22,Wrexham_v_Watford_Championship_1X2_DRAW_2026-08-22,NO DATA,False,NO DATA — PENDING,,,,football-data.co.uk (no data),,False
Wrexham v Watford (Championship),Championship,1X2_AWAY,Away Win,0.24008960234078752,0,Bet365,2026-08-22,Wrexham_v_Watford_Championship_1X2_AWAY_2026-08-22,NO DATA,False,NO DATA — PENDING,,,,football-data.co.uk (no data),,False
Wrexham v Watford (Championship),Championship,OVER_1_5,Over 1.5,0.7998677277209839,1.28,Bet365,2026-08-22,Wrexham_v_Watford_Championship_OVER_1_5_2026-08-22,NO DATA,False,NO DATA — PENDING,,,,football-data.co.uk (no data),,False
Wrexham v Watford (Championship),Championship,OVER_2_5,Over 2.5,0.5587864355775779,0,Bet365,2026-08-22,Wrexham_v_Watford_Championship_OVER_2_5_2026-08-22,NO DATA,False,NO DATA — PENDING,,,,football-data.co.uk (no data),,False
Wrexham v Watford (Championship),Championship,OVER_3_5,Over 3.5,0.3349835755998137,0,Bet365,2026-08-22,Wrexham_v_Watford_Championship_OVER_3_5_2026-08-22,NO DATA,False,NO DATA — PENDING,,,,football-data.co.uk (no data),,False
Wrexham v Watford (Championship),Championship,BTTS_YES,BTTS Yes,0.5798191870752925,0,Bet365,2026-08-22,Wrexham_v_Watford_Championship_BTTS_YES_2026-08-22,NO DATA,False,NO DATA — PENDING,,,,football-data.co.uk (no data),,False
Wrexham v Watford (Championship),Championship,BTTS_NO,BTTS No,0.42018081292470755,0,Bet365,2026-08-22,Wrexham_v_Watford_Championship_BTTS_NO_2026-08-22,NO DATA,False,NO DATA — PENDING,,,,football-data.co.uk (no data),,False
Southampton v Stoke (Championship),Championship,1X2_HOME,Home Win,0.5551278292358717,1.65,Bet365,2026-08-22,Southampton_v_Stoke_Championship_1X2_HOME_2026-08-22,NO DATA,False,NO DATA — PENDING,,,,football-data.co.uk (no data),,False
Southampton v Stoke (Championship),Championship,1X2_DRAW,Draw,0.2535470806211018,0,Bet365,2026-08-22,Southampton_v_Stoke_Championship_1X2_DRAW_2026-08-22,NO DATA,False,NO DATA — PENDING,,,,football-data.co.uk (no data),,False
Southampton v Stoke (Championship),Championship,1X2_AWAY,Away Win,0.1913250901430263,0,Bet365,2026-08-22,Southampton_v_Stoke_Championship_1X2_AWAY_2026-08-22,NO DATA,False,NO DATA — PENDING,,,,football-data.co.uk (no data),,False
Southampton v Stoke (Championship),Championship,OVER_1_5,Over 1.5,0.7732102590863015,0,Bet365,2026-08-22,Southampton_v_Stoke_Championship_OVER_1_5_2026-08-22,NO DATA,False,NO DATA — PENDING,,,,football-data.co.uk (no data),,False
Southampton v Stoke (Championship),Championship,OVER_2_5,Over 2.5,0.5209764852323856,0,Bet365,2026-08-22,Southampton_v_Stoke_Championship_OVER_2_5_2026-08-22,NO DATA,False,NO DATA — PENDING,,,,football-data.co.uk (no data),,False
Southampton v Stoke (Championship),Championship,OVER_3_5,Over 3.5,0.2991937436776821,0,Bet365,2026-08-22,Southampton_v_Stoke_Championship_OVER_3_5_2026-08-22,NO DATA,False,NO DATA — PENDING,,,,football-data.co.uk (no data),,False
Southampton v Stoke (Championship),Championship,BTTS_YES,BTTS Yes,0.5285194537056279,0,Bet365,2026-08-22,Southampton_v_Stoke_Championship_BTTS_YES_2026-08-22,NO DATA,False,NO DATA — PENDING,,,,football-data.co.uk (no data),,False
Southampton v Stoke (Championship),Championship,BTTS_NO,BTTS No,0.4714805462943721,0,Bet365,2026-08-22,Southampton_v_Stoke_Championship_BTTS_NO_2026-08-22,NO DATA,False,NO DATA — PENDING,,,,football-data.co.uk (no data),,False
Swansea v Sheffield United (Championship),Championship,1X2_HOME,Home Win,0.40254661818892823,0,,2026-08-22,Swansea_v_Sheffield_United_Championship_1X2_HOME_2026-08-22,NO DATA,False,NO DATA — PENDING,,,,football-data.co.uk (no data),,False
Swansea v Sheffield United (Championship),Championship,1X2_DRAW,Draw,0.27907891184895156,0,,2026-08-22,Swansea_v_Sheffield_United_Championship_1X2_DRAW_2026-08-22,NO DATA,False,NO DATA — PENDING,,,,football-data.co.uk (no data),,False
Swansea v Sheffield United (Championship),Championship,1X2_AWAY,Away Win,0.3183744699621204,0,,2026-08-22,Swansea_v_Sheffield_United_Championship_1X2_AWAY_2026-08-22,NO DATA,False,NO DATA — PENDING,,,,football-data.co.uk (no data),,False
Swansea v Sheffield United (Championship),Championship,OVER_1_5,Over 1.5,0.771323091924218,0,,2026-08-22,Swansea_v_Sheffield_United_Championship_OVER_1_5_2026-08-22,NO DATA,False,NO DATA — PENDING,,,,football-data.co.uk (no data),,False
Swansea v Sheffield United (Championship),Championship,OVER_2_5,Over 2.5,0.5168937055489669,0,,2026-08-22,Swansea_v_Sheffield_United_Championship_OVER_2_5_2026-08-22,NO DATA,False,NO DATA — PENDING,,,,football-data.co.uk (no data),,False
Swansea v Sheffield United (Championship),Championship,OVER_3_5,Over 3.5,0.2954496113716929,0,,2026-08-22,Swansea_v_Sheffield_United_Championship_OVER_3_5_2026-08-22,NO DATA,False,NO DATA — PENDING,,,,football-data.co.uk (no data),,False
Swansea v Sheffield United (Championship),Championship,BTTS_YES,BTTS Yes,0.5670601678865084,0,,2026-08-22,Swansea_v_Sheffield_United_Championship_BTTS_YES_2026-08-22,NO DATA,False,NO DATA — PENDING,,,,football-data.co.uk (no data),,False
Swansea v Sheffield United (Championship),Championship,BTTS_NO,BTTS No,0.43293983211349163,0,,2026-08-22,Swansea_v_Sheffield_United_Championship_BTTS_NO_2026-08-22,NO DATA,False,NO DATA — PENDING,,,,football-data.co.uk (no data),,False
Sparta Rotterdam v Utrecht (Eredivisie),Eredivisie,1X2_HOME,Home Win,0.25320146398916454,0,Bet365,2026-08-22,Sparta_Rotterdam_v_Utrecht_Eredivisie_1X2_HOME_2026-08-22,NO DATA,False,NO DATA — PENDING,,,,football-data.co.uk (no data),,False
Sparta Rotterdam v Utrecht (Eredivisie),Eredivisie,1X2_DRAW,Draw,0.29253569163568016,0,Bet365,2026-08-22,Sparta_Rotterdam_v_Utrecht_Eredivisie_1X2_DRAW_2026-08-22,NO DATA,False,NO DATA — PENDING,,,,football-data.co.uk (no data),,False
Sparta Rotterdam v Utrecht (Eredivisie),Eredivisie,1X2_AWAY,Away Win,0.4542628443751552,0,Bet365,2026-08-22,Sparta_Rotterdam_v_Utrecht_Eredivisie_1X2_AWAY_2026-08-22,NO DATA,False,NO DATA — PENDING,,,,football-data.co.uk (no data),,False
Sparta Rotterdam v Utrecht (Eredivisie),Eredivisie,OVER_1_5,Over 1.5,0.7247510074162147,0,Bet365,2026-08-22,Sparta_Rotterdam_v_Utrecht_Eredivisie_OVER_1_5_2026-08-22,NO DATA,False,NO DATA — PENDING,,,,football-data.co.uk (no data),,False
Sparta Rotterdam v Utrecht (Eredivisie),Eredivisie,OVER_2_5,Over 2.5,0.4530519139990564,0,Bet365,2026-08-22,Sparta_Rotterdam_v_Utrecht_Eredivisie_OVER_2_5_2026-08-22,NO DATA,False,NO DATA — PENDING,,,,football-data.co.uk (no data),,False
Sparta Rotterdam v Utrecht (Eredivisie),Eredivisie,OVER_3_5,Over 3.5,0.2398176410557812,0,Bet365,2026-08-22,Sparta_Rotterdam_v_Utrecht_Eredivisie_OVER_3_5_2026-08-22,NO DATA,False,NO DATA — PENDING,,,,football-data.co.uk (no data),,False
Sparta Rotterdam v Utrecht (Eredivisie),Eredivisie,BTTS_YES,BTTS Yes,0.5081178956053937,0,Bet365,2026-08-22,Sparta_Rotterdam_v_Utrecht_Eredivisie_BTTS_YES_2026-08-22,NO DATA,False,NO DATA — PENDING,,,,football-data.co.uk (no data),,False
Sparta Rotterdam v Utrecht (Eredivisie),Eredivisie,BTTS_NO,BTTS No,0.49188210439460633,0,Bet365,2026-08-22,Sparta_Rotterdam_v_Utrecht_Eredivisie_BTTS_NO_2026-08-22,NO DATA,False,NO DATA — PENDING,,,,football-data.co.uk (no data),,False
PSV Eindhoven v Utrecht (Eredivisie),Eredivisie,1X2_HOME,Home Win,0.6529413425548876,1.15,SportyBet Nigeria,2026-08-22,PSV_Eindhoven_v_Utrecht_Eredivisie_1X2_HOME_2026-08-22,NO DATA,False,NO DATA — PENDING,,,,football-data.co.uk (no data),,False
PSV Eindhoven v Utrecht (Eredivisie),Eredivisie,1X2_DRAW,Draw,0.1904165227320193,0,SportyBet Nigeria,2026-08-22,PSV_Eindhoven_v_Utrecht_Eredivisie_1X2_DRAW_2026-08-22,NO DATA,False,NO DATA — PENDING,,,,football-data.co.uk (no data),,False
PSV Eindhoven v Utrecht (Eredivisie),Eredivisie,1X2_AWAY,Away Win,0.15664213471309307,0,SportyBet Nigeria,2026-08-22,PSV_Eindhoven_v_Utrecht_Eredivisie_1X2_AWAY_2026-08-22,NO DATA,False,NO DATA — PENDING,,,,football-data.co.uk (no data),,False
PSV Eindhoven v Utrecht (Eredivisie),Eredivisie,OVER_1_5,Over 1.5,0.8998720089564128,0,SportyBet Nigeria,2026-08-22,PSV_Eindhoven_v_Utrecht_Eredivisie_OVER_1_5_2026-08-22,NO DATA,False,NO DATA — PENDING,,,,football-data.co.uk (no data),,False
PSV Eindhoven v Utrecht (Eredivisie),Eredivisie,OVER_2_5,Over 2.5,0.7290932772114626,0,SportyBet Nigeria,2026-08-22,PSV_Eindhoven_v_Utrecht_Eredivisie_OVER_2_5_2026-08-22,NO DATA,False,NO DATA — PENDING,,,,football-data.co.uk (no data),,False
PSV Eindhoven v Utrecht (Eredivisie),Eredivisie,OVER_3_5,Over 3.5,0.5239631359137472,0,SportyBet Nigeria,2026-08-22,PSV_Eindhoven_v_Utrecht_Eredivisie_OVER_3_5_2026-08-22,NO DATA,False,NO DATA — PENDING,,,,football-data.co.uk (no data),,False
PSV Eindhoven v Utrecht (Eredivisie),Eredivisie,BTTS_YES,BTTS Yes,0.6609529605688484,0,SportyBet Nigeria,2026-08-22,PSV_Eindhoven_v_Utrecht_Eredivisie_BTTS_YES_2026-08-22,NO DATA,False,NO DATA — PENDING,,,,football-data.co.uk (no data),,False
PSV Eindhoven v Utrecht (Eredivisie),Eredivisie,BTTS_NO,BTTS No,0.33904703943115155,0,SportyBet Nigeria,2026-08-22,PSV_Eindhoven_v_Utrecht_Eredivisie_BTTS_NO_2026-08-22,NO DATA,False,NO DATA — PENDING,,,,football-data.co.uk (no data),,False
Athletic Club v Sevilla (La Liga),La Liga,1X2_HOME,Home Win,0.4662014623421894,0,Bet365,2026-08-22,Athletic_Club_v_Sevilla_La_Liga_1X2_HOME_2026-08-22,NO DATA,False,NO DATA — PENDING,,,,football-data.co.uk (no data),,False
Athletic Club v Sevilla (La Liga),La Liga,1X2_DRAW,Draw,0.2552736191177199,0,Bet365,2026-08-22,Athletic_Club_v_Sevilla_La_Liga_1X2_DRAW_2026-08-22,NO DATA,False,NO DATA — PENDING,,,,football-data.co.uk (no data),,False
Athletic Club v Sevilla (La Liga),La Liga,1X2_AWAY,Away Win,0.27852491854009065,0,Bet365,2026-08-22,Athletic_Club_v_Sevilla_La_Liga_1X2_AWAY_2026-08-22,NO DATA,False,NO DATA — PENDING,,,,football-data.co.uk (no data),,False
Athletic Club v Sevilla (La Liga),La Liga,OVER_1_5,Over 1.5,0.7513775370838908,1.4,Bet365,2026-08-22,Athletic_Club_v_Sevilla_La_Liga_OVER_1_5_2026-08-22,NO DATA,False,NO DATA — PENDING,,,,football-data.co.uk (no data),,False
Athletic Club v Sevilla (La Liga),La Liga,OVER_2_5,Over 2.5,0.5044551864243453,0,Bet365,2026-08-22,Athletic_Club_v_Sevilla_La_Liga_OVER_2_5_2026-08-22,NO DATA,False,NO DATA — PENDING,,,,football-data.co.uk (no data),,False
Athletic Club v Sevilla (La Liga),La Liga,OVER_3_5,Over 3.5,0.28418182500676187,0,Bet365,2026-08-22,Athletic_Club_v_Sevilla_La_Liga_OVER_3_5_2026-08-22,NO DATA,False,NO DATA — PENDING,,,,football-data.co.uk (no data),,False
Athletic Club v Sevilla (La Liga),La Liga,BTTS_YES,BTTS Yes,0.5377304379420216,0,Bet365,2026-08-22,Athletic_Club_v_Sevilla_La_Liga_BTTS_YES_2026-08-22,NO DATA,False,NO DATA — PENDING,,,,football-data.co.uk (no data),,False
Athletic Club v Sevilla (La Liga),La Liga,BTTS_NO,BTTS No,0.4622695620579784,0,Bet365,2026-08-22,Athletic_Club_v_Sevilla_La_Liga_BTTS_NO_2026-08-22,NO DATA,False,NO DATA — PENDING,,,,football-data.co.uk (no data),,False
Espanyol v Real Madrid (La Liga),La Liga,1X2_HOME,Home Win,0.09864509484543428,0,Bet365,2026-08-22,Espanyol_v_Real_Madrid_La_Liga_1X2_HOME_2026-08-22,NO DATA,False,NO DATA — PENDING,,,,football-data.co.uk (no data),,False
Espanyol v Real Madrid (La Liga),La Liga,1X2_DRAW,Draw,0.22597958442526553,0,Bet365,2026-08-22,Espanyol_v_Real_Madrid_La_Liga_1X2_DRAW_2026-08-22,NO DATA,False,NO DATA — PENDING,,,,football-data.co.uk (no data),,False
Espanyol v Real Madrid (La Liga),La Liga,1X2_AWAY,Away Win,0.6753753207293002,1.45,Bet365,2026-08-22,Espanyol_v_Real_Madrid_La_Liga_1X2_AWAY_2026-08-22,NO DATA,False,NO DATA — PENDING,,,,football-data.co.uk (no data),,False
Ath Bilbao v Sevilla (La Liga),La Liga,1X2_HOME,Home Win,0.4662014939348387,1.77,SportyBet Nigeria,2026-08-22,Ath_Bilbao_v_Sevilla_La_Liga_1X2_HOME_2026-08-22,NO DATA,False,NO DATA — PENDING,,,,football-data.co.uk (no data),,False
Ath Bilbao v Sevilla (La Liga),La Liga,1X2_DRAW,Draw,0.2552736769131017,0,SportyBet Nigeria,2026-08-22,Ath_Bilbao_v_Sevilla_La_Liga_1X2_DRAW_2026-08-22,NO DATA,False,NO DATA — PENDING,,,,football-data.co.uk (no data),,False
Ath Bilbao v Sevilla (La Liga),La Liga,1X2_AWAY,Away Win,0.2785248291520594,0,SportyBet Nigeria,2026-08-22,Ath_Bilbao_v_Sevilla_La_Liga_1X2_AWAY_2026-08-22,NO DATA,False,NO DATA — PENDING,,,,football-data.co.uk (no data),,False
Ath Bilbao v Sevilla (La Liga),La Liga,OVER_1_5,Over 1.5,0.7513773209647272,0,SportyBet Nigeria,2026-08-22,Ath_Bilbao_v_Sevilla_La_Liga_OVER_1_5_2026-08-22,NO DATA,False,NO DATA — PENDING,,,,football-data.co.uk (no data),,False
Ath Bilbao v Sevilla (La Liga),La Liga,OVER_2_5,Over 2.5,0.5044548949930732,0,SportyBet Nigeria,2026-08-22,Ath_Bilbao_v_Sevilla_La_Liga_OVER_2_5_2026-08-22,NO DATA,False,NO DATA — PENDING,,,,football-data.co.uk (no data),,False
Ath Bilbao v Sevilla (La Liga),La Liga,OVER_3_5,Over 3.5,0.2841815634799756,0,SportyBet Nigeria,2026-08-22,Ath_Bilbao_v_Sevilla_La_Liga_OVER_3_5_2026-08-22,NO DATA,False,NO DATA — PENDING,,,,football-data.co.uk (no data),,False
Ath Bilbao v Sevilla (La Liga),La Liga,BTTS_YES,BTTS Yes,0.5377301931551628,0,SportyBet Nigeria,2026-08-22,Ath_Bilbao_v_Sevilla_La_Liga_BTTS_YES_2026-08-22,NO DATA,False,NO DATA — PENDING,,,,football-data.co.uk (no data),,False
Ath Bilbao v Sevilla (La Liga),La Liga,BTTS_NO,BTTS No,0.4622698068448372,0,SportyBet Nigeria,2026-08-22,Ath_Bilbao_v_Sevilla_La_Liga_BTTS_NO_2026-08-22,NO DATA,False,NO DATA — PENDING,,,,football-data.co.uk (no data),,False
Valencia v Celta (La Liga),La Liga,1X2_HOME,Home Win,0.38848502696196036,0,,2026-08-22,Valencia_v_Celta_La_Liga_1X2_HOME_2026-08-22,NO DATA,False,NO DATA — PENDING,,,,football-data.co.uk (no data),,False
Valencia v Celta (La Liga),La Liga,1X2_DRAW,Draw,0.2684112095583121,0,,2026-08-22,Valencia_v_Celta_La_Liga_1X2_DRAW_2026-08-22,NO DATA,False,NO DATA — PENDING,,,,football-data.co.uk (no data),,False
Valencia v Celta (La Liga),La Liga,1X2_AWAY,Away Win,0.34310376347972765,0,,2026-08-22,Valencia_v_Celta_La_Liga_1X2_AWAY_2026-08-22,NO DATA,False,NO DATA — PENDING,,,,football-data.co.uk (no data),,False
Valencia v Celta (La Liga),La Liga,OVER_1_5,Over 1.5,0.7283285429374818,0,,2026-08-22,Valencia_v_Celta_La_Liga_OVER_1_5_2026-08-22,NO DATA,False,NO DATA — PENDING,,,,football-data.co.uk (no data),,False
Valencia v Celta (La Liga),La Liga,OVER_2_5,Over 2.5,0.47404041468475305,0,,2026-08-22,Valencia_v_Celta_La_Liga_OVER_2_5_2026-08-22,NO DATA,False,NO DATA — PENDING,,,,football-data.co.uk (no data),,False
Valencia v Celta (La Liga),La Liga,OVER_3_5,Over 3.5,0.25750982939343764,0,,2026-08-22,Valencia_v_Celta_La_Liga_OVER_3_5_2026-08-22,NO DATA,False,NO DATA — PENDING,,,,football-data.co.uk (no data),,False
Valencia v Celta (La Liga),La Liga,BTTS_YES,BTTS Yes,0.5241523585898165,0,,2026-08-22,Valencia_v_Celta_La_Liga_BTTS_YES_2026-08-22,NO DATA,False,NO DATA — PENDING,,,,football-data.co.uk (no data),,False
Valencia v Celta (La Liga),La Liga,BTTS_NO,BTTS No,0.47584764141018354,0,,2026-08-22,Valencia_v_Celta_La_Liga_BTTS_NO_2026-08-22,NO DATA,False,NO DATA — PENDING,,,,football-data.co.uk (no data),,False
Espanol v Real Madrid (La Liga),La Liga,1X2_HOME,Home Win,0.19494487407045807,0,Bet365,2026-08-22,Espanol_v_Real_Madrid_La_Liga_1X2_HOME_2026-08-22,NO DATA,False,NO DATA — PENDING,,,,football-data.co.uk (no data),,False
Espanol v Real Madrid (La Liga),La Liga,1X2_DRAW,Draw,0.23530514163620844,0,Bet365,2026-08-22,Espanol_v_Real_Madrid_La_Liga_1X2_DRAW_2026-08-22,NO DATA,False,NO DATA — PENDING,,,,football-data.co.uk (no data),,False
Espanol v Real Madrid (La Liga),La Liga,1X2_AWAY,Away Win,0.5697499842933336,0,Bet365,2026-08-22,Espanol_v_Real_Madrid_La_Liga_1X2_AWAY_2026-08-22,NO DATA,False,NO DATA — PENDING,,,,football-data.co.uk (no data),,False
Espanol v Real Madrid (La Liga),La Liga,OVER_1_5,Over 1.5,0.7532441033300196,0,Bet365,2026-08-22,Espanol_v_Real_Madrid_La_Liga_OVER_1_5_2026-08-22,NO DATA,False,NO DATA — PENDING,,,,football-data.co.uk (no data),,False
Espanol v Real Madrid (La Liga),La Liga,OVER_2_5,Over 2.5,0.5071248258554597,0,Bet365,2026-08-22,Espanol_v_Real_Madrid_La_Liga_OVER_2_5_2026-08-22,NO DATA,False,NO DATA — PENDING,,,,football-data.co.uk (no data),,False
Espanol v Real Madrid (La Liga),La Liga,OVER_3_5,Over 3.5,0.28658187046140415,0,Bet365,2026-08-22,Espanol_v_Real_Madrid_La_Liga_OVER_3_5_2026-08-22,NO DATA,False,NO DATA — PENDING,,,,football-data.co.uk (no data),,False
Espanol v Real Madrid (La Liga),La Liga,BTTS_YES,BTTS Yes,0.5045917658582111,0,Bet365,2026-08-22,Espanol_v_Real_Madrid_La_Liga_BTTS_YES_2026-08-22,NO DATA,False,NO DATA — PENDING,,,,football-data.co.uk (no data),,False
Espanol v Real Madrid (La Liga),La Liga,BTTS_NO,BTTS No,0.4954082341417889,1.95,Bet365,2026-08-22,Espanol_v_Real_Madrid_La_Liga_BTTS_NO_2026-08-22,NO DATA,False,NO DATA — PENDING,,,,football-data.co.uk (no data),,False
Ceuta v Las Palmas (La Liga 2),La Liga 2,1X2_HOME,Home Win,0.2679035207657005,0,,2026-08-22,Ceuta_v_Las_Palmas_La_Liga_2_1X2_HOME_2026-08-22,NO DATA,False,NO DATA — PENDING,,,,football-data.co.uk (no data),,False
Ceuta v Las Palmas (La Liga 2),La Liga 2,1X2_DRAW,Draw,0.27642572651610275,0,,2026-08-22,Ceuta_v_Las_Palmas_La_Liga_2_1X2_DRAW_2026-08-22,NO DATA,False,NO DATA — PENDING,,,,football-data.co.uk (no data),,False
Ceuta v Las Palmas (La Liga 2),La Liga 2,1X2_AWAY,Away Win,0.45567075271819657,0,,2026-08-22,Ceuta_v_Las_Palmas_La_Liga_2_1X2_AWAY_2026-08-22,NO DATA,False,NO DATA — PENDING,,,,football-data.co.uk (no data),,False
Ceuta v Las Palmas (La Liga 2),La Liga 2,OVER_1_5,Over 1.5,0.6801950769798061,0,,2026-08-22,Ceuta_v_Las_Palmas_La_Liga_2_OVER_1_5_2026-08-22,NO DATA,False,NO DATA — PENDING,,,,football-data.co.uk (no data),,False
Ceuta v Las Palmas (La Liga 2),La Liga 2,OVER_2_5,Over 2.5,0.4153662112917973,0,,2026-08-22,Ceuta_v_Las_Palmas_La_Liga_2_OVER_2_5_2026-08-22,NO DATA,False,NO DATA — PENDING,,,,football-data.co.uk (no data),,False
Ceuta v Las Palmas (La Liga 2),La Liga 2,OVER_3_5,Over 3.5,0.20947864369370106,0,,2026-08-22,Ceuta_v_Las_Palmas_La_Liga_2_OVER_3_5_2026-08-22,NO DATA,False,NO DATA — PENDING,,,,football-data.co.uk (no data),,False
Ceuta v Las Palmas (La Liga 2),La Liga 2,BTTS_YES,BTTS Yes,0.4659279462015927,0,,2026-08-22,Ceuta_v_Las_Palmas_La_Liga_2_BTTS_YES_2026-08-22,NO DATA,False,NO DATA — PENDING,,,,football-data.co.uk (no data),,False
Ceuta v Las Palmas (La Liga 2),La Liga 2,BTTS_NO,BTTS No,0.5340720537984073,0,,2026-08-22,Ceuta_v_Las_Palmas_La_Liga_2_BTTS_NO_2026-08-22,NO DATA,False,NO DATA — PENDING,,,,football-data.co.uk (no data),,False
Lens v Auxerre (Ligue 1),Ligue 1,1X2_HOME,Home Win,0.6789538965777258,0,Bet365,2026-08-22,Lens_v_Auxerre_Ligue_1_1X2_HOME_2026-08-22,NO DATA,False,NO DATA — PENDING,,,,football-data.co.uk (no data),,False
Lens v Auxerre (Ligue 1),Ligue 1,1X2_DRAW,Draw,0.2047726137574826,0,Bet365,2026-08-22,Lens_v_Auxerre_Ligue_1_1X2_DRAW_2026-08-22,NO DATA,False,NO DATA — PENDING,,,,football-data.co.uk (no data),,False
Lens v Auxerre (Ligue 1),Ligue 1,1X2_AWAY,Away Win,0.11627348966479167,0,Bet365,2026-08-22,Lens_v_Auxerre_Ligue_1_1X2_AWAY_2026-08-22,NO DATA,False,NO DATA — PENDING,,,,football-data.co.uk (no data),,False
Lens v Auxerre (Ligue 1),Ligue 1,OVER_1_5,Over 1.5,0.7310721159591862,0,Bet365,2026-08-22,Lens_v_Auxerre_Ligue_1_OVER_1_5_2026-08-22,NO DATA,False,NO DATA — PENDING,,,,football-data.co.uk (no data),,False
Lens v Auxerre (Ligue 1),Ligue 1,OVER_2_5,Over 2.5,0.47926942283523094,0,Bet365,2026-08-22,Lens_v_Auxerre_Ligue_1_OVER_2_5_2026-08-22,NO DATA,False,NO DATA — PENDING,,,,football-data.co.uk (no data),,False
Lens v Auxerre (Ligue 1),Ligue 1,OVER_3_5,Over 3.5,0.2620058733092841,0,Bet365,2026-08-22,Lens_v_Auxerre_Ligue_1_OVER_3_5_2026-08-22,NO DATA,False,NO DATA — PENDING,,,,football-data.co.uk (no data),,False
Lens v Auxerre (Ligue 1),Ligue 1,BTTS_YES,BTTS Yes,0.41053619689795295,0,Bet365,2026-08-22,Lens_v_Auxerre_Ligue_1_BTTS_YES_2026-08-22,NO DATA,False,NO DATA — PENDING,,,,football-data.co.uk (no data),,False
Lens v Auxerre (Ligue 1),Ligue 1,BTTS_NO,BTTS No,0.589463803102047,0,Bet365,2026-08-22,Lens_v_Auxerre_Ligue_1_BTTS_NO_2026-08-22,NO DATA,False,NO DATA — PENDING,,,,football-data.co.uk (no data),,False
Nice v Lorient (Ligue 1),Ligue 1,1X2_HOME,Home Win,0.32588345633724164,0,Bet365,2026-08-22,Nice_v_Lorient_Ligue_1_1X2_HOME_2026-08-22,NO DATA,False,NO DATA — PENDING,,,,football-data.co.uk (no data),,False
Nice v Lorient (Ligue 1),Ligue 1,1X2_DRAW,Draw,0.248535334923886,0,Bet365,2026-08-22,Nice_v_Lorient_Ligue_1_1X2_DRAW_2026-08-22,NO DATA,False,NO DATA — PENDING,,,,football-data.co.uk (no data),,False
Nice v Lorient (Ligue 1),Ligue 1,1X2_AWAY,Away Win,0.4255812087388725,0,Bet365,2026-08-22,Nice_v_Lorient_Ligue_1_1X2_AWAY_2026-08-22,NO DATA,False,NO DATA — PENDING,,,,football-data.co.uk (no data),,False
Nice v Lorient (Ligue 1),Ligue 1,OVER_1_5,Over 1.5,0.7793743277194689,1.33,Bet365,2026-08-22,Nice_v_Lorient_Ligue_1_OVER_1_5_2026-08-22,NO DATA,False,NO DATA — PENDING,,,,football-data.co.uk (no data),,False
Nice v Lorient (Ligue 1),Ligue 1,OVER_2_5,Over 2.5,0.5449396648465638,0,Bet365,2026-08-22,Nice_v_Lorient_Ligue_1_OVER_2_5_2026-08-22,NO DATA,False,NO DATA — PENDING,,,,football-data.co.uk (no data),,False
Nice v Lorient (Ligue 1),Ligue 1,OVER_3_5,Over 3.5,0.32164184405957613,0,Bet365,2026-08-22,Nice_v_Lorient_Ligue_1_OVER_3_5_2026-08-22,NO DATA,False,NO DATA — PENDING,,,,football-data.co.uk (no data),,False
Nice v Lorient (Ligue 1),Ligue 1,BTTS_YES,BTTS Yes,0.5761394534129669,0,Bet365,2026-08-22,Nice_v_Lorient_Ligue_1_BTTS_YES_2026-08-22,NO DATA,False,NO DATA — PENDING,,,,football-data.co.uk (no data),,False
Nice v Lorient (Ligue 1),Ligue 1,BTTS_NO,BTTS No,0.4238605465870331,0,Bet365,2026-08-22,Nice_v_Lorient_Ligue_1_BTTS_NO_2026-08-22,NO DATA,False,NO DATA — PENDING,,,,football-data.co.uk (no data),,False
Toulouse v Lyon (Ligue 1),Ligue 1,1X2_HOME,Home Win,0.36696742101255486,0,Bet365,2026-08-22,Toulouse_v_Lyon_Ligue_1_1X2_HOME_2026-08-22,NO DATA,False,NO DATA — PENDING,,,,football-data.co.uk (no data),,False
Toulouse v Lyon (Ligue 1),Ligue 1,1X2_DRAW,Draw,0.26443049690006426,0,Bet365,2026-08-22,Toulouse_v_Lyon_Ligue_1_1X2_DRAW_2026-08-22,NO DATA,False,NO DATA — PENDING,,,,football-data.co.uk (no data),,False
Toulouse v Lyon (Ligue 1),Ligue 1,1X2_AWAY,Away Win,0.36860208208738104,0,Bet365,2026-08-22,Toulouse_v_Lyon_Ligue_1_1X2_AWAY_2026-08-22,NO DATA,False,NO DATA — PENDING,,,,football-data.co.uk (no data),,False
Toulouse v Lyon (Ligue 1),Ligue 1,OVER_1_5,Over 1.5,0.7332118494280461,0,Bet365,2026-08-22,Toulouse_v_Lyon_Ligue_1_OVER_1_5_2026-08-22,NO DATA,False,NO DATA — PENDING,,,,football-data.co.uk (no data),,False
Toulouse v Lyon (Ligue 1),Ligue 1,OVER_2_5,Over 2.5,0.4819517381342964,0,Bet365,2026-08-22,Toulouse_v_Lyon_Ligue_1_OVER_2_5_2026-08-22,NO DATA,False,NO DATA — PENDING,,,,football-data.co.uk (no data),,False
Toulouse v Lyon (Ligue 1),Ligue 1,OVER_3_5,Over 3.5,0.26432884536657747,0,Bet365,2026-08-22,Toulouse_v_Lyon_Ligue_1_OVER_3_5_2026-08-22,NO DATA,False,NO DATA — PENDING,,,,football-data.co.uk (no data),,False
Toulouse v Lyon (Ligue 1),Ligue 1,BTTS_YES,BTTS Yes,0.5298138007430512,0,Bet365,2026-08-22,Toulouse_v_Lyon_Ligue_1_BTTS_YES_2026-08-22,NO DATA,False,NO DATA — PENDING,,,,football-data.co.uk (no data),,False
Toulouse v Lyon (Ligue 1),Ligue 1,BTTS_NO,BTTS No,0.4701861992569488,0,Bet365,2026-08-22,Toulouse_v_Lyon_Ligue_1_BTTS_NO_2026-08-22,NO DATA,False,NO DATA — PENDING,,,,football-data.co.uk (no data),,False
Le Mans FC v Brest (Ligue 1),Ligue 1,1X2_HOME,Home Win,0.26380134637011066,0,,2026-08-22,Le_Mans_FC_v_Brest_Ligue_1_1X2_HOME_2026-08-22,NO DATA,False,NO DATA — PENDING,,,,football-data.co.uk (no data),,False
Le Mans FC v Brest (Ligue 1),Ligue 1,1X2_DRAW,Draw,0.2918516303811249,0,,2026-08-22,Le_Mans_FC_v_Brest_Ligue_1_1X2_DRAW_2026-08-22,NO DATA,False,NO DATA — PENDING,,,,football-data.co.uk (no data),,False
Le Mans FC v Brest (Ligue 1),Ligue 1,1X2_AWAY,Away Win,0.44434702324876446,0,,2026-08-22,Le_Mans_FC_v_Brest_Ligue_1_1X2_AWAY_2026-08-22,NO DATA,False,NO DATA — PENDING,,,,football-data.co.uk (no data),,False
Troyes v Paris FC (Ligue 1),Ligue 1,1X2_HOME,Home Win,0.28759472521548557,0,,2026-08-22,Troyes_v_Paris_FC_Ligue_1_1X2_HOME_2026-08-22,NO DATA,False,NO DATA — PENDING,,,,football-data.co.uk (no data),,False
Troyes v Paris FC (Ligue 1),Ligue 1,1X2_DRAW,Draw,0.301152216620076,0,,2026-08-22,Troyes_v_Paris_FC_Ligue_1_1X2_DRAW_2026-08-22,NO DATA,False,NO DATA — PENDING,,,,football-data.co.uk (no data),,False
Troyes v Paris FC (Ligue 1),Ligue 1,1X2_AWAY,Away Win,0.4112530581644384,0,,2026-08-22,Troyes_v_Paris_FC_Ligue_1_1X2_AWAY_2026-08-22,NO DATA,False,NO DATA — PENDING,,,,football-data.co.uk (no data),,False
Nantes v Rodez (Ligue 2),Ligue 2,1X2_HOME,Home Win,0.5249703085115394,0,,2026-08-22,Nantes_v_Rodez_Ligue_2_1X2_HOME_2026-08-22,NO DATA,False,NO DATA — PENDING,,,,football-data.co.uk (no data),,False
Nantes v Rodez (Ligue 2),Ligue 2,1X2_DRAW,Draw,0.2694346711893397,0,,2026-08-22,Nantes_v_Rodez_Ligue_2_1X2_DRAW_2026-08-22,NO DATA,False,NO DATA — PENDING,,,,football-data.co.uk (no data),,False
Nantes v Rodez (Ligue 2),Ligue 2,1X2_AWAY,Away Win,0.2055950202991209,0,,2026-08-22,Nantes_v_Rodez_Ligue_2_1X2_AWAY_2026-08-22,NO DATA,False,NO DATA — PENDING,,,,football-data.co.uk (no data),,False
Metz v Laval (Ligue 2),Ligue 2,1X2_HOME,Home Win,0.629011974044983,0,,2026-08-22,Metz_v_Laval_Ligue_2_1X2_HOME_2026-08-22,NO DATA,False,NO DATA — PENDING,,,,football-data.co.uk (no data),,False
Metz v Laval (Ligue 2),Ligue 2,1X2_DRAW,Draw,0.19805055119442358,0,,2026-08-22,Metz_v_Laval_Ligue_2_1X2_DRAW_2026-08-22,NO DATA,False,NO DATA — PENDING,,,,football-data.co.uk (no data),,False
Metz v Laval (Ligue 2),Ligue 2,1X2_AWAY,Away Win,0.17293747476059335,0,,2026-08-22,Metz_v_Laval_Ligue_2_1X2_AWAY_2026-08-22,NO DATA,False,NO DATA — PENDING,,,,football-data.co.uk (no data),,False
Metz v Laval (Ligue 2),Ligue 2,OVER_1_5,Over 1.5,0.7454237818580285,0,,2026-08-22,Metz_v_Laval_Ligue_2_OVER_1_5_2026-08-22,NO DATA,False,NO DATA — PENDING,,,,football-data.co.uk (no data),,False
Metz v Laval (Ligue 2),Ligue 2,OVER_2_5,Over 2.5,0.5124568950792339,0,,2026-08-22,Metz_v_Laval_Ligue_2_OVER_2_5_2026-08-22,NO DATA,False,NO DATA — PENDING,,,,football-data.co.uk (no data),,False
Metz v Laval (Ligue 2),Ligue 2,OVER_3_5,Over 3.5,0.29140503136118334,0,,2026-08-22,Metz_v_Laval_Ligue_2_OVER_3_5_2026-08-22,NO DATA,False,NO DATA — PENDING,,,,football-data.co.uk (no data),,False
Metz v Laval (Ligue 2),Ligue 2,BTTS_YES,BTTS Yes,0.47247336142952434,0,,2026-08-22,Metz_v_Laval_Ligue_2_BTTS_YES_2026-08-22,NO DATA,False,NO DATA — PENDING,,,,football-data.co.uk (no data),,False
Metz v Laval (Ligue 2),Ligue 2,BTTS_NO,BTTS No,0.5275266385704757,0,,2026-08-22,Metz_v_Laval_Ligue_2_BTTS_NO_2026-08-22,NO DATA,False,NO DATA — PENDING,,,,football-data.co.uk (no data),,False
Saint-Ã‰tienne v Grenoble (Ligue 2),Ligue 2,1X2_HOME,Home Win,0.5992824537786519,0,,2026-08-22,Saint-Ã‰tienne_v_Grenoble_Ligue_2_1X2_HOME_2026-08-22,NO DATA,False,NO DATA — PENDING,,,,football-data.co.uk (no data),,False
Saint-Ã‰tienne v Grenoble (Ligue 2),Ligue 2,1X2_DRAW,Draw,0.24851364847346372,0,,2026-08-22,Saint-Ã‰tienne_v_Grenoble_Ligue_2_1X2_DRAW_2026-08-22,NO DATA,False,NO DATA — PENDING,,,,football-data.co.uk (no data),,False
Saint-Ã‰tienne v Grenoble (Ligue 2),Ligue 2,1X2_AWAY,Away Win,0.15220389774788443,0,,2026-08-22,Saint-Ã‰tienne_v_Grenoble_Ligue_2_1X2_AWAY_2026-08-22,NO DATA,False,NO DATA — PENDING,,,,football-data.co.uk (no data),,False
Everton v Crystal Palace (Premier League),Premier League,1X2_HOME,Home Win,0.43764997951950635,0,Bet365,2026-08-22,Everton_v_Crystal_Palace_Premier_League_1X2_HOME_2026-08-22,NO DATA,False,NO DATA — PENDING,,,,football-data.co.uk (no data),,False
Everton v Crystal Palace (Premier League),Premier League,1X2_DRAW,Draw,0.3225092537778036,0,Bet365,2026-08-22,Everton_v_Crystal_Palace_Premier_League_1X2_DRAW_2026-08-22,NO DATA,False,NO DATA — PENDING,,,,football-data.co.uk (no data),,False
Everton v Crystal Palace (Premier League),Premier League,1X2_AWAY,Away Win,0.23984076670268994,0,Bet365,2026-08-22,Everton_v_Crystal_Palace_Premier_League_1X2_AWAY_2026-08-22,NO DATA,False,NO DATA — PENDING,,,,football-data.co.uk (no data),,False
Everton v Crystal Palace (Premier League),Premier League,OVER_1_5,Over 1.5,0.6764940081443248,0,Bet365,2026-08-22,Everton_v_Crystal_Palace_Premier_League_OVER_1_5_2026-08-22,NO DATA,False,NO DATA — PENDING,,,,football-data.co.uk (no data),,False
Everton v Crystal Palace (Premier League),Premier League,OVER_2_5,Over 2.5,0.3885146589192721,0,Bet365,2026-08-22,Everton_v_Crystal_Palace_Premier_League_OVER_2_5_2026-08-22,NO DATA,False,NO DATA — PENDING,,,,football-data.co.uk (no data),,False
Everton v Crystal Palace (Premier League),Premier League,OVER_3_5,Over 3.5,0.18896015524705137,0,Bet365,2026-08-22,Everton_v_Crystal_Palace_Premier_League_OVER_3_5_2026-08-22,NO DATA,False,NO DATA — PENDING,,,,football-data.co.uk (no data),,False
Everton v Crystal Palace (Premier League),Premier League,BTTS_YES,BTTS Yes,0.46226465184112975,0,Bet365,2026-08-22,Everton_v_Crystal_Palace_Premier_League_BTTS_YES_2026-08-22,NO DATA,False,NO DATA — PENDING,,,,football-data.co.uk (no data),,False
Everton v Crystal Palace (Premier League),Premier League,BTTS_NO,BTTS No,0.5377353481588703,0,Bet365,2026-08-22,Everton_v_Crystal_Palace_Premier_League_BTTS_NO_2026-08-22,NO DATA,False,NO DATA — PENDING,,,,football-data.co.uk (no data),,False
Ipswich v Sunderland (Premier League),Premier League,1X2_HOME,Home Win,0.3021394640507088,0,Bet365,2026-08-22,Ipswich_v_Sunderland_Premier_League_1X2_HOME_2026-08-22,NO DATA,False,NO DATA — PENDING,,,,football-data.co.uk (no data),,False
Ipswich v Sunderland (Premier League),Premier League,1X2_DRAW,Draw,0.3069260794236698,0,Bet365,2026-08-22,Ipswich_v_Sunderland_Premier_League_1X2_DRAW_2026-08-22,NO DATA,False,NO DATA — PENDING,,,,football-data.co.uk (no data),,False
Ipswich v Sunderland (Premier League),Premier League,1X2_AWAY,Away Win,0.3909344565256214,0,Bet365,2026-08-22,Ipswich_v_Sunderland_Premier_League_1X2_AWAY_2026-08-22,NO DATA,False,NO DATA — PENDING,,,,football-data.co.uk (no data),,False
Brentford v Tottenham (Premier League),Premier League,1X2_HOME,Home Win,0.5025275495172985,0,Bet365,2026-08-22,Brentford_v_Tottenham_Premier_League_1X2_HOME_2026-08-22,NO DATA,False,NO DATA — PENDING,,,,football-data.co.uk (no data),,False
Brentford v Tottenham (Premier League),Premier League,1X2_DRAW,Draw,0.27112720438241805,0,Bet365,2026-08-22,Brentford_v_Tottenham_Premier_League_1X2_DRAW_2026-08-22,NO DATA,False,NO DATA — PENDING,,,,football-data.co.uk (no data),,False
Brentford v Tottenham (Premier League),Premier League,1X2_AWAY,Away Win,0.22634524610028334,0,Bet365,2026-08-22,Brentford_v_Tottenham_Premier_League_1X2_AWAY_2026-08-22,NO DATA,False,NO DATA — PENDING,,,,football-data.co.uk (no data),,False
Brentford v Tottenham (Premier League),Premier League,OVER_1_5,Over 1.5,0.8008382751106683,0,Bet365,2026-08-22,Brentford_v_Tottenham_Premier_League_OVER_1_5_2026-08-22,NO DATA,False,NO DATA — PENDING,,,,football-data.co.uk (no data),,False
Brentford v Tottenham (Premier League),Premier League,OVER_2_5,Over 2.5,0.5503902563470426,0,Bet365,2026-08-22,Brentford_v_Tottenham_Premier_League_OVER_2_5_2026-08-22,NO DATA,False,NO DATA — PENDING,,,,football-data.co.uk (no data),,False
Brentford v Tottenham (Premier League),Premier League,OVER_3_5,Over 3.5,0.32686054883244964,0,Bet365,2026-08-22,Brentford_v_Tottenham_Premier_League_OVER_3_5_2026-08-22,NO DATA,False,NO DATA — PENDING,,,,football-data.co.uk (no data),,False
Brentford v Tottenham (Premier League),Premier League,BTTS_YES,BTTS Yes,0.5775947284200053,0,Bet365,2026-08-22,Brentford_v_Tottenham_Premier_League_BTTS_YES_2026-08-22,NO DATA,False,NO DATA — PENDING,,,,football-data.co.uk (no data),,False
Brentford v Tottenham (Premier League),Premier League,BTTS_NO,BTTS No,0.42240527157999475,0,Bet365,2026-08-22,Brentford_v_Tottenham_Premier_League_BTTS_NO_2026-08-22,NO DATA,False,NO DATA — PENDING,,,,football-data.co.uk (no data),,False
Nott'm Forest v Leeds (Premier League),Premier League,1X2_HOME,Home Win,0.4335508237317419,0,,2026-08-22,Nott'm_Forest_v_Leeds_Premier_League_1X2_HOME_2026-08-22,NO DATA,False,NO DATA — PENDING,,,,football-data.co.uk (no data),,False
Nott'm Forest v Leeds (Premier League),Premier League,1X2_DRAW,Draw,0.2967140411523939,0,,2026-08-22,Nott'm_Forest_v_Leeds_Premier_League_1X2_DRAW_2026-08-22,NO DATA,False,NO DATA — PENDING,,,,football-data.co.uk (no data),,False
Nott'm Forest v Leeds (Premier League),Premier League,1X2_AWAY,Away Win,0.269735135115864,0,,2026-08-22,Nott'm_Forest_v_Leeds_Premier_League_1X2_AWAY_2026-08-22,NO DATA,False,NO DATA — PENDING,,,,football-data.co.uk (no data),,False
Nott'm Forest v Leeds (Premier League),Premier League,OVER_1_5,Over 1.5,0.7590241798904527,0,,2026-08-22,Nott'm_Forest_v_Leeds_Premier_League_OVER_1_5_2026-08-22,NO DATA,False,NO DATA — PENDING,,,,football-data.co.uk (no data),,False
Nott'm Forest v Leeds (Premier League),Premier League,OVER_2_5,Over 2.5,0.4901997732246383,0,,2026-08-22,Nott'm_Forest_v_Leeds_Premier_League_OVER_2_5_2026-08-22,NO DATA,False,NO DATA — PENDING,,,,football-data.co.uk (no data),,False
Nott'm Forest v Leeds (Premier League),Premier League,OVER_3_5,Over 3.5,0.27152653517022085,0,,2026-08-22,Nott'm_Forest_v_Leeds_Premier_League_OVER_3_5_2026-08-22,NO DATA,False,NO DATA — PENDING,,,,football-data.co.uk (no data),,False
Nott'm Forest v Leeds (Premier League),Premier League,BTTS_YES,BTTS Yes,0.547440425918108,0,,2026-08-22,Nott'm_Forest_v_Leeds_Premier_League_BTTS_YES_2026-08-22,NO DATA,False,NO DATA — PENDING,,,,football-data.co.uk (no data),,False
Nott'm Forest v Leeds (Premier League),Premier League,BTTS_NO,BTTS No,0.45255957408189196,0,,2026-08-22,Nott'm_Forest_v_Leeds_Premier_League_BTTS_NO_2026-08-22,NO DATA,False,NO DATA — PENDING,,,,football-data.co.uk (no data),,False
Estoril v Rio Ave (Primeira Liga),Primeira Liga,1X2_HOME,Home Win,0.6118951420511196,0,Bet365,2026-08-22,Estoril_v_Rio_Ave_Primeira_Liga_1X2_HOME_2026-08-22,NO DATA,False,NO DATA — PENDING,,,,football-data.co.uk (no data),,False
Estoril v Rio Ave (Primeira Liga),Primeira Liga,1X2_DRAW,Draw,0.19823011728286474,0,Bet365,2026-08-22,Estoril_v_Rio_Ave_Primeira_Liga_1X2_DRAW_2026-08-22,NO DATA,False,NO DATA — PENDING,,,,football-data.co.uk (no data),,False
Estoril v Rio Ave (Primeira Liga),Primeira Liga,1X2_AWAY,Away Win,0.18987474066601565,0,Bet365,2026-08-22,Estoril_v_Rio_Ave_Primeira_Liga_1X2_AWAY_2026-08-22,NO DATA,False,NO DATA — PENDING,,,,football-data.co.uk (no data),,False
Estoril v Rio Ave (Primeira Liga),Primeira Liga,OVER_1_5,Over 1.5,0.854335661354158,0,Bet365,2026-08-22,Estoril_v_Rio_Ave_Primeira_Liga_OVER_1_5_2026-08-22,NO DATA,False,NO DATA — PENDING,,,,football-data.co.uk (no data),,False
Estoril v Rio Ave (Primeira Liga),Primeira Liga,OVER_2_5,Over 2.5,0.6610066721194673,0,Bet365,2026-08-22,Estoril_v_Rio_Ave_Primeira_Liga_OVER_2_5_2026-08-22,NO DATA,False,NO DATA — PENDING,,,,football-data.co.uk (no data),,False
Estoril v Rio Ave (Primeira Liga),Primeira Liga,OVER_3_5,Over 3.5,0.4424856469637503,0,Bet365,2026-08-22,Estoril_v_Rio_Ave_Primeira_Liga_OVER_3_5_2026-08-22,NO DATA,False,NO DATA — PENDING,,,,football-data.co.uk (no data),,False
Estoril v Rio Ave (Primeira Liga),Primeira Liga,BTTS_YES,BTTS Yes,0.6171950872800103,0,Bet365,2026-08-22,Estoril_v_Rio_Ave_Primeira_Liga_BTTS_YES_2026-08-22,NO DATA,False,NO DATA — PENDING,,,,football-data.co.uk (no data),,False
Estoril v Rio Ave (Primeira Liga),Primeira Liga,BTTS_NO,BTTS No,0.38280491271998973,0,Bet365,2026-08-22,Estoril_v_Rio_Ave_Primeira_Liga_BTTS_NO_2026-08-22,NO DATA,False,NO DATA — PENDING,,,,football-data.co.uk (no data),,False
Sporting v Alverca (Primeira Liga),Primeira Liga,1X2_HOME,Home Win,0.8368141512963344,1.25,SportyBet Nigeria,2026-08-22,Sporting_v_Alverca_Primeira_Liga_1X2_HOME_2026-08-22,NO DATA,False,NO DATA — PENDING,,,,football-data.co.uk (no data),,False
Sporting v Alverca (Primeira Liga),Primeira Liga,1X2_DRAW,Draw,0.15150023700892531,0,SportyBet Nigeria,2026-08-22,Sporting_v_Alverca_Primeira_Liga_1X2_DRAW_2026-08-22,NO DATA,False,NO DATA — PENDING,,,,football-data.co.uk (no data),,False
Sporting v Alverca (Primeira Liga),Primeira Liga,1X2_AWAY,Away Win,0.011685611694740215,0,SportyBet Nigeria,2026-08-22,Sporting_v_Alverca_Primeira_Liga_1X2_AWAY_2026-08-22,NO DATA,False,NO DATA — PENDING,,,,football-data.co.uk (no data),,False
Fakel v FC Orenburg (Russian Premier League),Russian Premier League,1X2_HOME,Home Win,0.2569291297574373,0,Marathonbet,2026-08-22,Fakel_v_FC_Orenburg_Russian_Premier_League_1X2_HOME_2026-08-22,NO DATA,False,NO DATA — PENDING,,,,football-data.co.uk (no data),,False
Fakel v FC Orenburg (Russian Premier League),Russian Premier League,1X2_DRAW,Draw,0.42861762490062155,0,Marathonbet,2026-08-22,Fakel_v_FC_Orenburg_Russian_Premier_League_1X2_DRAW_2026-08-22,NO DATA,False,NO DATA — PENDING,,,,football-data.co.uk (no data),,False
Fakel v FC Orenburg (Russian Premier League),Russian Premier League,1X2_AWAY,Away Win,0.3144532453419411,0,Marathonbet,2026-08-22,Fakel_v_FC_Orenburg_Russian_Premier_League_1X2_AWAY_2026-08-22,NO DATA,False,NO DATA — PENDING,,,,football-data.co.uk (no data),,False
Fakel v FC Orenburg (Russian Premier League),Russian Premier League,OVER_1_5,Over 1.5,0.49605788074591134,0,Marathonbet,2026-08-22,Fakel_v_FC_Orenburg_Russian_Premier_League_OVER_1_5_2026-08-22,NO DATA,False,NO DATA — PENDING,,,,football-data.co.uk (no data),,False
Fakel v FC Orenburg (Russian Premier League),Russian Premier League,OVER_2_5,Over 2.5,0.205552866134855,0,Marathonbet,2026-08-22,Fakel_v_FC_Orenburg_Russian_Premier_League_OVER_2_5_2026-08-22,NO DATA,False,NO DATA — PENDING,,,,football-data.co.uk (no data),,False
Fakel v FC Orenburg (Russian Premier League),Russian Premier League,OVER_3_5,Over 3.5,0.07297913645092732,0,Marathonbet,2026-08-22,Fakel_v_FC_Orenburg_Russian_Premier_League_OVER_3_5_2026-08-22,NO DATA,False,NO DATA — PENDING,,,,football-data.co.uk (no data),,False
Fakel v FC Orenburg (Russian Premier League),Russian Premier League,BTTS_YES,BTTS Yes,0.32644427385507,0,Marathonbet,2026-08-22,Fakel_v_FC_Orenburg_Russian_Premier_League_BTTS_YES_2026-08-22,NO DATA,False,NO DATA — PENDING,,,,football-data.co.uk (no data),,False
Fakel v FC Orenburg (Russian Premier League),Russian Premier League,BTTS_NO,BTTS No,0.67355572614493,0,Marathonbet,2026-08-22,Fakel_v_FC_Orenburg_Russian_Premier_League_BTTS_NO_2026-08-22,NO DATA,False,NO DATA — PENDING,,,,football-data.co.uk (no data),,False
Akhmat v FC Rostov (Russian Premier League),Russian Premier League,1X2_HOME,Home Win,0.269667750368512,0,Marathonbet,2026-08-22,Akhmat_v_FC_Rostov_Russian_Premier_League_1X2_HOME_2026-08-22,NO DATA,False,NO DATA — PENDING,,,,football-data.co.uk (no data),,False
Akhmat v FC Rostov (Russian Premier League),Russian Premier League,1X2_DRAW,Draw,0.33298032851076526,0,Marathonbet,2026-08-22,Akhmat_v_FC_Rostov_Russian_Premier_League_1X2_DRAW_2026-08-22,NO DATA,False,NO DATA — PENDING,,,,football-data.co.uk (no data),,False
Akhmat v FC Rostov (Russian Premier League),Russian Premier League,1X2_AWAY,Away Win,0.39735192112072293,0,Marathonbet,2026-08-22,Akhmat_v_FC_Rostov_Russian_Premier_League_1X2_AWAY_2026-08-22,NO DATA,False,NO DATA — PENDING,,,,football-data.co.uk (no data),,False
Akhmat v FC Rostov (Russian Premier League),Russian Premier League,OVER_1_5,Over 1.5,0.7577117864053071,0,Marathonbet,2026-08-22,Akhmat_v_FC_Rostov_Russian_Premier_League_OVER_1_5_2026-08-22,NO DATA,False,NO DATA — PENDING,,,,football-data.co.uk (no data),,False
Akhmat v FC Rostov (Russian Premier League),Russian Premier League,OVER_2_5,Over 2.5,0.46938927541805053,0,Marathonbet,2026-08-22,Akhmat_v_FC_Rostov_Russian_Premier_League_OVER_2_5_2026-08-22,NO DATA,False,NO DATA — PENDING,,,,football-data.co.uk (no data),,False
Akhmat v FC Rostov (Russian Premier League),Russian Premier League,OVER_3_5,Over 3.5,0.2535394073537335,0,Marathonbet,2026-08-22,Akhmat_v_FC_Rostov_Russian_Premier_League_OVER_3_5_2026-08-22,NO DATA,False,NO DATA — PENDING,,,,football-data.co.uk (no data),,False
Akhmat v FC Rostov (Russian Premier League),Russian Premier League,BTTS_YES,BTTS Yes,0.5489863620719186,1.89,Marathonbet,2026-08-22,Akhmat_v_FC_Rostov_Russian_Premier_League_BTTS_YES_2026-08-22,NO DATA,False,NO DATA — PENDING,,,,football-data.co.uk (no data),,False
Akhmat v FC Rostov (Russian Premier League),Russian Premier League,BTTS_NO,BTTS No,0.45101363792808136,0,Marathonbet,2026-08-22,Akhmat_v_FC_Rostov_Russian_Premier_League_BTTS_NO_2026-08-22,NO DATA,False,NO DATA — PENDING,,,,football-data.co.uk (no data),,False
CSKA Moscow v Lokomotiv (Russian Premier League),Russian Premier League,1X2_HOME,Home Win,0.5628805119455593,0,Marathonbet,2026-08-22,CSKA_Moscow_v_Lokomotiv_Russian_Premier_League_1X2_HOME_2026-08-22,NO DATA,False,NO DATA — PENDING,,,,football-data.co.uk (no data),,False
CSKA Moscow v Lokomotiv (Russian Premier League),Russian Premier League,1X2_DRAW,Draw,0.3001957209934094,0,Marathonbet,2026-08-22,CSKA_Moscow_v_Lokomotiv_Russian_Premier_League_1X2_DRAW_2026-08-22,NO DATA,False,NO DATA — PENDING,,,,football-data.co.uk (no data),,False
CSKA Moscow v Lokomotiv (Russian Premier League),Russian Premier League,1X2_AWAY,Away Win,0.1369237670610313,0,Marathonbet,2026-08-22,CSKA_Moscow_v_Lokomotiv_Russian_Premier_League_1X2_AWAY_2026-08-22,NO DATA,False,NO DATA — PENDING,,,,football-data.co.uk (no data),,False
CSKA Moscow v Lokomotiv (Russian Premier League),Russian Premier League,OVER_1_5,Over 1.5,0.7332037849722862,0,Marathonbet,2026-08-22,CSKA_Moscow_v_Lokomotiv_Russian_Premier_League_OVER_1_5_2026-08-22,NO DATA,False,NO DATA — PENDING,,,,football-data.co.uk (no data),,False
CSKA Moscow v Lokomotiv (Russian Premier League),Russian Premier League,OVER_2_5,Over 2.5,0.44363489351150937,0,Marathonbet,2026-08-22,CSKA_Moscow_v_Lokomotiv_Russian_Premier_League_OVER_2_5_2026-08-22,NO DATA,False,NO DATA — PENDING,,,,football-data.co.uk (no data),,False
CSKA Moscow v Lokomotiv (Russian Premier League),Russian Premier League,OVER_3_5,Over 3.5,0.23206538899565088,0,Marathonbet,2026-08-22,CSKA_Moscow_v_Lokomotiv_Russian_Premier_League_OVER_3_5_2026-08-22,NO DATA,False,NO DATA — PENDING,,,,football-data.co.uk (no data),,False
CSKA Moscow v Lokomotiv (Russian Premier League),Russian Premier League,BTTS_YES,BTTS Yes,0.4665293004685217,0,Marathonbet,2026-08-22,CSKA_Moscow_v_Lokomotiv_Russian_Premier_League_BTTS_YES_2026-08-22,NO DATA,False,NO DATA — PENDING,,,,football-data.co.uk (no data),,False
CSKA Moscow v Lokomotiv (Russian Premier League),Russian Premier League,BTTS_NO,BTTS No,0.5334706995314783,0,Marathonbet,2026-08-22,CSKA_Moscow_v_Lokomotiv_Russian_Premier_League_BTTS_NO_2026-08-22,NO DATA,False,NO DATA — PENDING,,,,football-data.co.uk (no data),,False
Rangers v ST Mirren (Scottish Premiership),Scottish Premiership,1X2_HOME,Home Win,0.7802062196426097,0,Marathonbet,2026-08-22,Rangers_v_ST_Mirren_Scottish_Premiership_1X2_HOME_2026-08-22,NO DATA,False,NO DATA — PENDING,,,,football-data.co.uk (no data),,False
Rangers v ST Mirren (Scottish Premiership),Scottish Premiership,1X2_DRAW,Draw,0.19047126515878582,0,Marathonbet,2026-08-22,Rangers_v_ST_Mirren_Scottish_Premiership_1X2_DRAW_2026-08-22,NO DATA,False,NO DATA — PENDING,,,,football-data.co.uk (no data),,False
Rangers v ST Mirren (Scottish Premiership),Scottish Premiership,1X2_AWAY,Away Win,0.02932251519860446,0,Marathonbet,2026-08-22,Rangers_v_ST_Mirren_Scottish_Premiership_1X2_AWAY_2026-08-22,NO DATA,False,NO DATA — PENDING,,,,football-data.co.uk (no data),,False
ST Johnstone v Celtic (Scottish Premiership),Scottish Premiership,1X2_HOME,Home Win,0.05178179903576008,0,William Hill,2026-08-22,ST_Johnstone_v_Celtic_Scottish_Premiership_1X2_HOME_2026-08-22,NO DATA,False,NO DATA — PENDING,,,,football-data.co.uk (no data),,False
ST Johnstone v Celtic (Scottish Premiership),Scottish Premiership,1X2_DRAW,Draw,0.2032963808287127,0,William Hill,2026-08-22,ST_Johnstone_v_Celtic_Scottish_Premiership_1X2_DRAW_2026-08-22,NO DATA,False,NO DATA — PENDING,,,,football-data.co.uk (no data),,False
ST Johnstone v Celtic (Scottish Premiership),Scottish Premiership,1X2_AWAY,Away Win,0.7449218201355272,0,William Hill,2026-08-22,ST_Johnstone_v_Celtic_Scottish_Premiership_1X2_AWAY_2026-08-22,NO DATA,False,NO DATA — PENDING,,,,football-data.co.uk (no data),,False
Dundee United v Dundee (Scottish Premiership),Scottish Premiership,1X2_HOME,Home Win,0.5004493602094154,0,,2026-08-22,Dundee_United_v_Dundee_Scottish_Premiership_1X2_HOME_2026-08-22,NO DATA,False,NO DATA — PENDING,,,,football-data.co.uk (no data),,False
Dundee United v Dundee (Scottish Premiership),Scottish Premiership,1X2_DRAW,Draw,0.2679104633823606,0,,2026-08-22,Dundee_United_v_Dundee_Scottish_Premiership_1X2_DRAW_2026-08-22,NO DATA,False,NO DATA — PENDING,,,,football-data.co.uk (no data),,False
Dundee United v Dundee (Scottish Premiership),Scottish Premiership,1X2_AWAY,Away Win,0.23164017640822399,0,,2026-08-22,Dundee_United_v_Dundee_Scottish_Premiership_1X2_AWAY_2026-08-22,NO DATA,False,NO DATA — PENDING,,,,football-data.co.uk (no data),,False
Dundee United v Dundee (Scottish Premiership),Scottish Premiership,OVER_1_5,Over 1.5,0.7784549588924242,0,,2026-08-22,Dundee_United_v_Dundee_Scottish_Premiership_OVER_1_5_2026-08-22,NO DATA,False,NO DATA — PENDING,,,,football-data.co.uk (no data),,False
Dundee United v Dundee (Scottish Premiership),Scottish Premiership,OVER_2_5,Over 2.5,0.5252126649842256,0,,2026-08-22,Dundee_United_v_Dundee_Scottish_Premiership_OVER_2_5_2026-08-22,NO DATA,False,NO DATA — PENDING,,,,football-data.co.uk (no data),,False
Dundee United v Dundee (Scottish Premiership),Scottish Premiership,OVER_3_5,Over 3.5,0.3031038945171977,0,,2026-08-22,Dundee_United_v_Dundee_Scottish_Premiership_OVER_3_5_2026-08-22,NO DATA,False,NO DATA — PENDING,,,,football-data.co.uk (no data),,False
Dundee United v Dundee (Scottish Premiership),Scottish Premiership,BTTS_YES,BTTS Yes,0.5542554513566245,0,,2026-08-22,Dundee_United_v_Dundee_Scottish_Premiership_BTTS_YES_2026-08-22,NO DATA,False,NO DATA — PENDING,,,,football-data.co.uk (no data),,False
Dundee United v Dundee (Scottish Premiership),Scottish Premiership,BTTS_NO,BTTS No,0.44574454864337554,0,,2026-08-22,Dundee_United_v_Dundee_Scottish_Premiership_BTTS_NO_2026-08-22,NO DATA,False,NO DATA — PENDING,,,,football-data.co.uk (no data),,False
Udinese v Como (Serie A),Serie A,1X2_HOME,Home Win,0.18102289271534394,0,Bet365,2026-08-22,Udinese_v_Como_Serie_A_1X2_HOME_2026-08-22,NO DATA,False,NO DATA — PENDING,,,,football-data.co.uk (no data),,False
Udinese v Como (Serie A),Serie A,1X2_DRAW,Draw,0.239914438385534,0,Bet365,2026-08-22,Udinese_v_Como_Serie_A_1X2_DRAW_2026-08-22,NO DATA,False,NO DATA — PENDING,,,,football-data.co.uk (no data),,False
Udinese v Como (Serie A),Serie A,1X2_AWAY,Away Win,0.5790626688991218,0,Bet365,2026-08-22,Udinese_v_Como_Serie_A_1X2_AWAY_2026-08-22,NO DATA,False,NO DATA — PENDING,,,,football-data.co.uk (no data),,False
Udinese v Como (Serie A),Serie A,OVER_1_5,Over 1.5,0.7038815576813171,0,Bet365,2026-08-22,Udinese_v_Como_Serie_A_OVER_1_5_2026-08-22,NO DATA,False,NO DATA — PENDING,,,,football-data.co.uk (no data),,False
Udinese v Como (Serie A),Serie A,OVER_2_5,Over 2.5,0.44691196186841753,0,Bet365,2026-08-22,Udinese_v_Como_Serie_A_OVER_2_5_2026-08-22,NO DATA,False,NO DATA — PENDING,,,,football-data.co.uk (no data),,False
Udinese v Como (Serie A),Serie A,OVER_3_5,Over 3.5,0.23475007132349865,0,Bet365,2026-08-22,Udinese_v_Como_Serie_A_OVER_3_5_2026-08-22,NO DATA,False,NO DATA — PENDING,,,,football-data.co.uk (no data),,False
Udinese v Como (Serie A),Serie A,BTTS_YES,BTTS Yes,0.4459422370587811,0,Bet365,2026-08-22,Udinese_v_Como_Serie_A_BTTS_YES_2026-08-22,NO DATA,False,NO DATA — PENDING,,,,football-data.co.uk (no data),,False
Udinese v Como (Serie A),Serie A,BTTS_NO,BTTS No,0.5540577629412189,0,Bet365,2026-08-22,Udinese_v_Como_Serie_A_BTTS_NO_2026-08-22,NO DATA,False,NO DATA — PENDING,,,,football-data.co.uk (no data),,False
Inter v Monza (Serie A),Serie A,1X2_HOME,Home Win,0.8565330267448714,0,Bet365,2026-08-22,Inter_v_Monza_Serie_A_1X2_HOME_2026-08-22,NO DATA,False,NO DATA — PENDING,,,,football-data.co.uk (no data),,False
Inter v Monza (Serie A),Serie A,1X2_DRAW,Draw,0.10894676153428272,0,Bet365,2026-08-22,Inter_v_Monza_Serie_A_1X2_DRAW_2026-08-22,NO DATA,False,NO DATA — PENDING,,,,football-data.co.uk (no data),,False
Inter v Monza (Serie A),Serie A,1X2_AWAY,Away Win,0.03452021172084585,0,Bet365,2026-08-22,Inter_v_Monza_Serie_A_1X2_AWAY_2026-08-22,NO DATA,False,NO DATA — PENDING,,,,football-data.co.uk (no data),,False
Inter v Monza (Serie A),Serie A,OVER_1_5,Over 1.5,0.8690096987998392,0,Bet365,2026-08-22,Inter_v_Monza_Serie_A_OVER_1_5_2026-08-22,NO DATA,False,NO DATA — PENDING,,,,football-data.co.uk (no data),,False
Inter v Monza (Serie A),Serie A,OVER_2_5,Over 2.5,0.6789234836500321,0,Bet365,2026-08-22,Inter_v_Monza_Serie_A_OVER_2_5_2026-08-22,NO DATA,False,NO DATA — PENDING,,,,football-data.co.uk (no data),,False
Inter v Monza (Serie A),Serie A,OVER_3_5,Over 3.5,0.46305524649355545,0,Bet365,2026-08-22,Inter_v_Monza_Serie_A_OVER_3_5_2026-08-22,NO DATA,False,NO DATA — PENDING,,,,football-data.co.uk (no data),,False
Inter v Monza (Serie A),Serie A,BTTS_YES,BTTS Yes,0.39087900985825097,0,Bet365,2026-08-22,Inter_v_Monza_Serie_A_BTTS_YES_2026-08-22,NO DATA,False,NO DATA — PENDING,,,,football-data.co.uk (no data),,False
Inter v Monza (Serie A),Serie A,BTTS_NO,BTTS No,0.609120990141749,1.57,Bet365,2026-08-22,Inter_v_Monza_Serie_A_BTTS_NO_2026-08-22,NO DATA,False,NO DATA — PENDING,,,,football-data.co.uk (no data),,False
Genoa v Napoli (Serie A),Serie A,1X2_HOME,Home Win,0.2175978620459425,0,Bet365,2026-08-22,Genoa_v_Napoli_Serie_A_1X2_HOME_2026-08-22,NO DATA,False,NO DATA — PENDING,,,,football-data.co.uk (no data),,False
Genoa v Napoli (Serie A),Serie A,1X2_DRAW,Draw,0.2499819587239871,0,Bet365,2026-08-22,Genoa_v_Napoli_Serie_A_1X2_DRAW_2026-08-22,NO DATA,False,NO DATA — PENDING,,,,football-data.co.uk (no data),,False
Genoa v Napoli (Serie A),Serie A,1X2_AWAY,Away Win,0.5324201792300707,0,Bet365,2026-08-22,Genoa_v_Napoli_Serie_A_1X2_AWAY_2026-08-22,NO DATA,False,NO DATA — PENDING,,,,football-data.co.uk (no data),,False
Genoa v Napoli (Serie A),Serie A,OVER_1_5,Over 1.5,0.7076102921639263,0,Bet365,2026-08-22,Genoa_v_Napoli_Serie_A_OVER_1_5_2026-08-22,NO DATA,False,NO DATA — PENDING,,,,football-data.co.uk (no data),,False
Genoa v Napoli (Serie A),Serie A,OVER_2_5,Over 2.5,0.4516071722754639,0,Bet365,2026-08-22,Genoa_v_Napoli_Serie_A_OVER_2_5_2026-08-22,NO DATA,False,NO DATA — PENDING,,,,football-data.co.uk (no data),,False
Genoa v Napoli (Serie A),Serie A,OVER_3_5,Over 3.5,0.23862077615039629,0,Bet365,2026-08-22,Genoa_v_Napoli_Serie_A_OVER_3_5_2026-08-22,NO DATA,False,NO DATA — PENDING,,,,football-data.co.uk (no data),,False
Genoa v Napoli (Serie A),Serie A,BTTS_YES,BTTS Yes,0.4711086477139036,0,Bet365,2026-08-22,Genoa_v_Napoli_Serie_A_BTTS_YES_2026-08-22,NO DATA,False,NO DATA — PENDING,,,,football-data.co.uk (no data),,False
Genoa v Napoli (Serie A),Serie A,BTTS_NO,BTTS No,0.5288913522860964,0,Bet365,2026-08-22,Genoa_v_Napoli_Serie_A_BTTS_NO_2026-08-22,NO DATA,False,NO DATA — PENDING,,,,football-data.co.uk (no data),,False
Parma v Cagliari (Serie A),Serie A,1X2_HOME,Home Win,0.3143771025633936,0,Bet365,2026-08-22,Parma_v_Cagliari_Serie_A_1X2_HOME_2026-08-22,NO DATA,False,NO DATA — PENDING,,,,football-data.co.uk (no data),,False
Parma v Cagliari (Serie A),Serie A,1X2_DRAW,Draw,0.317374084488667,0,Bet365,2026-08-22,Parma_v_Cagliari_Serie_A_1X2_DRAW_2026-08-22,NO DATA,False,NO DATA — PENDING,,,,football-data.co.uk (no data),,False
Parma v Cagliari (Serie A),Serie A,1X2_AWAY,Away Win,0.3682488129479395,0,Bet365,2026-08-22,Parma_v_Cagliari_Serie_A_1X2_AWAY_2026-08-22,NO DATA,False,NO DATA — PENDING,,,,football-data.co.uk (no data),,False
Parma v Cagliari (Serie A),Serie A,OVER_1_5,Over 1.5,0.5565921618853428,0,Bet365,2026-08-22,Parma_v_Cagliari_Serie_A_OVER_1_5_2026-08-22,NO DATA,False,NO DATA — PENDING,,,,football-data.co.uk (no data),,False
Parma v Cagliari (Serie A),Serie A,OVER_2_5,Over 2.5,0.28867538582601376,0,Bet365,2026-08-22,Parma_v_Cagliari_Serie_A_OVER_2_5_2026-08-22,NO DATA,False,NO DATA — PENDING,,,,football-data.co.uk (no data),,False
Parma v Cagliari (Serie A),Serie A,OVER_3_5,Over 3.5,0.12051746687824424,0,Bet365,2026-08-22,Parma_v_Cagliari_Serie_A_OVER_3_5_2026-08-22,NO DATA,False,NO DATA — PENDING,,,,football-data.co.uk (no data),,False
Parma v Cagliari (Serie A),Serie A,BTTS_YES,BTTS Yes,0.3668050534920215,0,Bet365,2026-08-22,Parma_v_Cagliari_Serie_A_BTTS_YES_2026-08-22,NO DATA,False,NO DATA — PENDING,,,,football-data.co.uk (no data),,False
Parma v Cagliari (Serie A),Serie A,BTTS_NO,BTTS No,0.6331949465079785,0,Bet365,2026-08-22,Parma_v_Cagliari_Serie_A_BTTS_NO_2026-08-22,NO DATA,False,NO DATA — PENDING,,,,football-data.co.uk (no data),,False
Udinese v Como 1907 (Serie A),Serie A,1X2_HOME,Home Win,0.1810229870493369,0,SportyBet Nigeria,2026-08-22,Udinese_v_Como_1907_Serie_A_1X2_HOME_2026-08-22,NO DATA,False,NO DATA — PENDING,,,,football-data.co.uk (no data),,False
Udinese v Como 1907 (Serie A),Serie A,1X2_DRAW,Draw,0.23991449203102147,0,SportyBet Nigeria,2026-08-22,Udinese_v_Como_1907_Serie_A_1X2_DRAW_2026-08-22,NO DATA,False,NO DATA — PENDING,,,,football-data.co.uk (no data),,False
Udinese v Como 1907 (Serie A),Serie A,1X2_AWAY,Away Win,0.5790625209196416,1.88,SportyBet Nigeria,2026-08-22,Udinese_v_Como_1907_Serie_A_1X2_AWAY_2026-08-22,NO DATA,False,NO DATA — PENDING,,,,football-data.co.uk (no data),,False
Udinese v Como 1907 (Serie A),Serie A,OVER_1_5,Over 1.5,0.7038814987716827,0,SportyBet Nigeria,2026-08-22,Udinese_v_Como_1907_Serie_A_OVER_1_5_2026-08-22,NO DATA,False,NO DATA — PENDING,,,,football-data.co.uk (no data),,False
Udinese v Como 1907 (Serie A),Serie A,OVER_2_5,Over 2.5,0.4469118896487499,0,SportyBet Nigeria,2026-08-22,Udinese_v_Como_1907_Serie_A_OVER_2_5_2026-08-22,NO DATA,False,NO DATA — PENDING,,,,football-data.co.uk (no data),,False
Udinese v Como 1907 (Serie A),Serie A,OVER_3_5,Over 3.5,0.23475001200886322,0,SportyBet Nigeria,2026-08-22,Udinese_v_Como_1907_Serie_A_OVER_3_5_2026-08-22,NO DATA,False,NO DATA — PENDING,,,,football-data.co.uk (no data),,False
Udinese v Como 1907 (Serie A),Serie A,BTTS_YES,BTTS Yes,0.445942248752382,0,SportyBet Nigeria,2026-08-22,Udinese_v_Como_1907_Serie_A_BTTS_YES_2026-08-22,NO DATA,False,NO DATA — PENDING,,,,football-data.co.uk (no data),,False
Udinese v Como 1907 (Serie A),Serie A,BTTS_NO,BTTS No,0.554057751247618,0,SportyBet Nigeria,2026-08-22,Udinese_v_Como_1907_Serie_A_BTTS_NO_2026-08-22,NO DATA,False,NO DATA — PENDING,,,,football-data.co.uk (no data),,False
FC Luzern v Lausanne (Swiss Super League),Swiss Super League,1X2_HOME,Home Win,0.48217515680777234,0,Bet365,2026-08-22,FC_Luzern_v_Lausanne_Swiss_Super_League_1X2_HOME_2026-08-22,NO DATA,False,NO DATA — PENDING,,,,football-data.co.uk (no data),,False
FC Luzern v Lausanne (Swiss Super League),Swiss Super League,1X2_DRAW,Draw,0.2813192118716154,0,Bet365,2026-08-22,FC_Luzern_v_Lausanne_Swiss_Super_League_1X2_DRAW_2026-08-22,NO DATA,False,NO DATA — PENDING,,,,football-data.co.uk (no data),,False
FC Luzern v Lausanne (Swiss Super League),Swiss Super League,1X2_AWAY,Away Win,0.23650563132061225,0,Bet365,2026-08-22,FC_Luzern_v_Lausanne_Swiss_Super_League_1X2_AWAY_2026-08-22,NO DATA,False,NO DATA — PENDING,,,,football-data.co.uk (no data),,False
Rizespor v Samsunspor (Turkish Super Lig),Turkish Super Lig,1X2_HOME,Home Win,0.32344212299400754,0,Bet365,2026-08-22,Rizespor_v_Samsunspor_Turkish_Super_Lig_1X2_HOME_2026-08-22,NO DATA,False,NO DATA — PENDING,,,,football-data.co.uk (no data),,False
Rizespor v Samsunspor (Turkish Super Lig),Turkish Super Lig,1X2_DRAW,Draw,0.2753124709636349,0,Bet365,2026-08-22,Rizespor_v_Samsunspor_Turkish_Super_Lig_1X2_DRAW_2026-08-22,NO DATA,False,NO DATA — PENDING,,,,football-data.co.uk (no data),,False
Rizespor v Samsunspor (Turkish Super Lig),Turkish Super Lig,1X2_AWAY,Away Win,0.4012454060423575,0,Bet365,2026-08-22,Rizespor_v_Samsunspor_Turkish_Super_Lig_1X2_AWAY_2026-08-22,NO DATA,False,NO DATA — PENDING,,,,football-data.co.uk (no data),,False
Rizespor v Samsunspor (Turkish Super Lig),Turkish Super Lig,OVER_1_5,Over 1.5,0.7612045755106884,1.25,Bet365,2026-08-22,Rizespor_v_Samsunspor_Turkish_Super_Lig_OVER_1_5_2026-08-22,NO DATA,False,NO DATA — PENDING,,,,football-data.co.uk (no data),,False
Rizespor v Samsunspor (Turkish Super Lig),Turkish Super Lig,OVER_2_5,Over 2.5,0.5072703523624299,0,Bet365,2026-08-22,Rizespor_v_Samsunspor_Turkish_Super_Lig_OVER_2_5_2026-08-22,NO DATA,False,NO DATA — PENDING,,,,football-data.co.uk (no data),,False
Rizespor v Samsunspor (Turkish Super Lig),Turkish Super Lig,OVER_3_5,Over 3.5,0.28671360202918317,0,Bet365,2026-08-22,Rizespor_v_Samsunspor_Turkish_Super_Lig_OVER_3_5_2026-08-22,NO DATA,False,NO DATA — PENDING,,,,football-data.co.uk (no data),,False
Rizespor v Samsunspor (Turkish Super Lig),Turkish Super Lig,BTTS_YES,BTTS Yes,0.5567776985475288,0,Bet365,2026-08-22,Rizespor_v_Samsunspor_Turkish_Super_Lig_BTTS_YES_2026-08-22,NO DATA,False,NO DATA — PENDING,,,,football-data.co.uk (no data),,False
Rizespor v Samsunspor (Turkish Super Lig),Turkish Super Lig,BTTS_NO,BTTS No,0.4432223014524712,0,Bet365,2026-08-22,Rizespor_v_Samsunspor_Turkish_Super_Lig_BTTS_NO_2026-08-22,NO DATA,False,NO DATA — PENDING,,,,football-data.co.uk (no data),,False
FenerbahÃ§e v Konyaspor (Turkish Super Lig),Turkish Super Lig,1X2_HOME,Home Win,0.7495010303718641,1.32,Bet365,2026-08-22,FenerbahÃ§e_v_Konyaspor_Turkish_Super_Lig_1X2_HOME_2026-08-22,NO DATA,False,NO DATA — PENDING,,,,football-data.co.uk (no data),,False
FenerbahÃ§e v Konyaspor (Turkish Super Lig),Turkish Super Lig,1X2_DRAW,Draw,0.15979979582367868,0,Bet365,2026-08-22,FenerbahÃ§e_v_Konyaspor_Turkish_Super_Lig_1X2_DRAW_2026-08-22,NO DATA,False,NO DATA — PENDING,,,,football-data.co.uk (no data),,False
FenerbahÃ§e v Konyaspor (Turkish Super Lig),Turkish Super Lig,1X2_AWAY,Away Win,0.09069917380445724,0,Bet365,2026-08-22,FenerbahÃ§e_v_Konyaspor_Turkish_Super_Lig_1X2_AWAY_2026-08-22,NO DATA,False,NO DATA — PENDING,,,,football-data.co.uk (no data),,False
FenerbahÃ§e v Konyaspor (Turkish Super Lig),Turkish Super Lig,OVER_1_5,Over 1.5,0.863916439157062,0,Bet365,2026-08-22,FenerbahÃ§e_v_Konyaspor_Turkish_Super_Lig_OVER_1_5_2026-08-22,NO DATA,False,NO DATA — PENDING,,,,football-data.co.uk (no data),,False
FenerbahÃ§e v Konyaspor (Turkish Super Lig),Turkish Super Lig,OVER_2_5,Over 2.5,0.6697184764581889,0,Bet365,2026-08-22,FenerbahÃ§e_v_Konyaspor_Turkish_Super_Lig_OVER_2_5_2026-08-22,NO DATA,False,NO DATA — PENDING,,,,football-data.co.uk (no data),,False
FenerbahÃ§e v Konyaspor (Turkish Super Lig),Turkish Super Lig,OVER_3_5,Over 3.5,0.45242491781903066,0,Bet365,2026-08-22,FenerbahÃ§e_v_Konyaspor_Turkish_Super_Lig_OVER_3_5_2026-08-22,NO DATA,False,NO DATA — PENDING,,,,football-data.co.uk (no data),,False
FenerbahÃ§e v Konyaspor (Turkish Super Lig),Turkish Super Lig,BTTS_YES,BTTS Yes,0.5295423795276244,0,Bet365,2026-08-22,FenerbahÃ§e_v_Konyaspor_Turkish_Super_Lig_BTTS_YES_2026-08-22,NO DATA,False,NO DATA — PENDING,,,,football-data.co.uk (no data),,False
FenerbahÃ§e v Konyaspor (Turkish Super Lig),Turkish Super Lig,BTTS_NO,BTTS No,0.4704576204723756,0,Bet365,2026-08-22,FenerbahÃ§e_v_Konyaspor_Turkish_Super_Lig_BTTS_NO_2026-08-22,NO DATA,False,NO DATA — PENDING,,,,football-data.co.uk (no data),,False
Fenerbahce v Konyaspor (Turkish Super Lig),Turkish Super Lig,1X2_HOME,Home Win,0.7669465788535188,1.32,SportyBet Nigeria,2026-08-22,Fenerbahce_v_Konyaspor_Turkish_Super_Lig_1X2_HOME_2026-08-22,NO DATA,False,NO DATA — PENDING,,,,football-data.co.uk (no data),,False
Fenerbahce v Konyaspor (Turkish Super Lig),Turkish Super Lig,1X2_DRAW,Draw,0.1954277266374804,0,SportyBet Nigeria,2026-08-22,Fenerbahce_v_Konyaspor_Turkish_Super_Lig_1X2_DRAW_2026-08-22,NO DATA,False,NO DATA — PENDING,,,,football-data.co.uk (no data),,False
Fenerbahce v Konyaspor (Turkish Super Lig),Turkish Super Lig,1X2_AWAY,Away Win,0.0376256945090008,0,SportyBet Nigeria,2026-08-22,Fenerbahce_v_Konyaspor_Turkish_Super_Lig_1X2_AWAY_2026-08-22,NO DATA,False,NO DATA — PENDING,,,,football-data.co.uk (no data),,False
Antwerp v Genk (Belgian Pro League),Belgian Pro League,1X2_HOME,Home Win,0.34520033210247797,0,Bet365,2026-08-22,Antwerp_v_Genk_Belgian_Pro_League_1X2_HOME_2026-08-22,NO DATA,False,NO DATA — PENDING,,,,football-data.co.uk (no data),,False
Antwerp v Genk (Belgian Pro League),Belgian Pro League,1X2_DRAW,Draw,0.294765191890554,0,Bet365,2026-08-22,Antwerp_v_Genk_Belgian_Pro_League_1X2_DRAW_2026-08-22,NO DATA,False,NO DATA — PENDING,,,,football-data.co.uk (no data),,False
Antwerp v Genk (Belgian Pro League),Belgian Pro League,1X2_AWAY,Away Win,0.3600344760069682,0,Bet365,2026-08-22,Antwerp_v_Genk_Belgian_Pro_League_1X2_AWAY_2026-08-22,NO DATA,False,NO DATA — PENDING,,,,football-data.co.uk (no data),,False
Antwerp v Genk (Belgian Pro League),Belgian Pro League,OVER_1_5,Over 1.5,0.6954547372917326,0,Bet365,2026-08-22,Antwerp_v_Genk_Belgian_Pro_League_OVER_1_5_2026-08-22,NO DATA,False,NO DATA — PENDING,,,,football-data.co.uk (no data),,False
Antwerp v Genk (Belgian Pro League),Belgian Pro League,OVER_2_5,Over 2.5,0.4249238738295679,0,Bet365,2026-08-22,Antwerp_v_Genk_Belgian_Pro_League_OVER_2_5_2026-08-22,NO DATA,False,NO DATA — PENDING,,,,football-data.co.uk (no data),,False
Antwerp v Genk (Belgian Pro League),Belgian Pro League,OVER_3_5,Over 3.5,0.21700150455377518,0,Bet365,2026-08-22,Antwerp_v_Genk_Belgian_Pro_League_OVER_3_5_2026-08-22,NO DATA,False,NO DATA — PENDING,,,,football-data.co.uk (no data),,False
Antwerp v Genk (Belgian Pro League),Belgian Pro League,BTTS_YES,BTTS Yes,0.49231751220798736,0,Bet365,2026-08-22,Antwerp_v_Genk_Belgian_Pro_League_BTTS_YES_2026-08-22,NO DATA,False,NO DATA — PENDING,,,,football-data.co.uk (no data),,False
Antwerp v Genk (Belgian Pro League),Belgian Pro League,BTTS_NO,BTTS No,0.5076824877920126,0,Bet365,2026-08-22,Antwerp_v_Genk_Belgian_Pro_League_BTTS_NO_2026-08-22,NO DATA,False,NO DATA — PENDING,,,,football-data.co.uk (no data),,False
Charleroi v Mechelen (Belgian Pro League),Belgian Pro League,1X2_HOME,Home Win,0.43034751703705454,0,Bet365,2026-08-22,Charleroi_v_Mechelen_Belgian_Pro_League_1X2_HOME_2026-08-22,NO DATA,False,NO DATA — PENDING,,,,football-data.co.uk (no data),,False
Charleroi v Mechelen (Belgian Pro League),Belgian Pro League,1X2_DRAW,Draw,0.2818611153712719,0,Bet365,2026-08-22,Charleroi_v_Mechelen_Belgian_Pro_League_1X2_DRAW_2026-08-22,NO DATA,False,NO DATA — PENDING,,,,football-data.co.uk (no data),,False
Charleroi v Mechelen (Belgian Pro League),Belgian Pro League,1X2_AWAY,Away Win,0.28779136759167345,0,Bet365,2026-08-22,Charleroi_v_Mechelen_Belgian_Pro_League_1X2_AWAY_2026-08-22,NO DATA,False,NO DATA — PENDING,,,,football-data.co.uk (no data),,False
Charleroi v Mechelen (Belgian Pro League),Belgian Pro League,OVER_1_5,Over 1.5,0.7228234935045053,0,Bet365,2026-08-22,Charleroi_v_Mechelen_Belgian_Pro_League_OVER_1_5_2026-08-22,NO DATA,False,NO DATA — PENDING,,,,football-data.co.uk (no data),,False
Charleroi v Mechelen (Belgian Pro League),Belgian Pro League,OVER_2_5,Over 2.5,0.4587495362131815,0,Bet365,2026-08-22,Charleroi_v_Mechelen_Belgian_Pro_League_OVER_2_5_2026-08-22,NO DATA,False,NO DATA — PENDING,,,,football-data.co.uk (no data),,False
Charleroi v Mechelen (Belgian Pro League),Belgian Pro League,OVER_3_5,Over 3.5,0.24456358294631986,0,Bet365,2026-08-22,Charleroi_v_Mechelen_Belgian_Pro_League_OVER_3_5_2026-08-22,NO DATA,False,NO DATA — PENDING,,,,football-data.co.uk (no data),,False
Charleroi v Mechelen (Belgian Pro League),Belgian Pro League,BTTS_YES,BTTS Yes,0.5127314288373839,0,Bet365,2026-08-22,Charleroi_v_Mechelen_Belgian_Pro_League_BTTS_YES_2026-08-22,NO DATA,False,NO DATA — PENDING,,,,football-data.co.uk (no data),,False
Charleroi v Mechelen (Belgian Pro League),Belgian Pro League,BTTS_NO,BTTS No,0.4872685711626161,0,Bet365,2026-08-22,Charleroi_v_Mechelen_Belgian_Pro_League_BTTS_NO_2026-08-22,NO DATA,False,NO DATA — PENDING,,,,football-data.co.uk (no data),,False
Birmingham v Bristol City (Championship),Championship,1X2_HOME,Home Win,0.3979401497338348,0,Bet365,2026-08-22,Birmingham_v_Bristol_City_Championship_1X2_HOME_2026-08-22,NO DATA,False,NO DATA — PENDING,,,,football-data.co.uk (no data),,False
Birmingham v Bristol City (Championship),Championship,1X2_DRAW,Draw,0.30157498450389963,0,Bet365,2026-08-22,Birmingham_v_Bristol_City_Championship_1X2_DRAW_2026-08-22,NO DATA,False,NO DATA — PENDING,,,,football-data.co.uk (no data),,False
Birmingham v Bristol City (Championship),Championship,1X2_AWAY,Away Win,0.3004848657622658,0,Bet365,2026-08-22,Birmingham_v_Bristol_City_Championship_1X2_AWAY_2026-08-22,NO DATA,False,NO DATA — PENDING,,,,football-data.co.uk (no data),,False
Birmingham v Bristol City (Championship),Championship,OVER_1_5,Over 1.5,0.7037421246777193,0,Bet365,2026-08-22,Birmingham_v_Bristol_City_Championship_OVER_1_5_2026-08-22,NO DATA,False,NO DATA — PENDING,,,,football-data.co.uk (no data),,False
Birmingham v Bristol City (Championship),Championship,OVER_2_5,Over 2.5,0.429076802567446,0,Bet365,2026-08-22,Birmingham_v_Bristol_City_Championship_OVER_2_5_2026-08-22,NO DATA,False,NO DATA — PENDING,,,,football-data.co.uk (no data),,False
Birmingham v Bristol City (Championship),Championship,OVER_3_5,Over 3.5,0.22030641690109148,0,Bet365,2026-08-22,Birmingham_v_Bristol_City_Championship_OVER_3_5_2026-08-22,NO DATA,False,NO DATA — PENDING,,,,football-data.co.uk (no data),,False
Birmingham v Bristol City (Championship),Championship,BTTS_YES,BTTS Yes,0.49749255374259893,0,Bet365,2026-08-22,Birmingham_v_Bristol_City_Championship_BTTS_YES_2026-08-22,NO DATA,False,NO DATA — PENDING,,,,football-data.co.uk (no data),,False
Birmingham v Bristol City (Championship),Championship,BTTS_NO,BTTS No,0.5025074462574011,2.0,Bet365,2026-08-22,Birmingham_v_Bristol_City_Championship_BTTS_NO_2026-08-22,NO DATA,False,NO DATA — PENDING,,,,football-data.co.uk (no data),,False
Millwall v Norwich (Championship),Championship,1X2_HOME,Home Win,0.44382415569174116,0,Bet365,2026-08-22,Millwall_v_Norwich_Championship_1X2_HOME_2026-08-22,NO DATA,False,NO DATA — PENDING,,,,football-data.co.uk (no data),,False
Millwall v Norwich (Championship),Championship,1X2_DRAW,Draw,0.29517764759296355,0,Bet365,2026-08-22,Millwall_v_Norwich_Championship_1X2_DRAW_2026-08-22,NO DATA,False,NO DATA — PENDING,,,,football-data.co.uk (no data),,False
Millwall v Norwich (Championship),Championship,1X2_AWAY,Away Win,0.2609981967152952,0,Bet365,2026-08-22,Millwall_v_Norwich_Championship_1X2_AWAY_2026-08-22,NO DATA,False,NO DATA — PENDING,,,,football-data.co.uk (no data),,False
Millwall v Norwich (Championship),Championship,OVER_1_5,Over 1.5,0.7079516962183061,0,Bet365,2026-08-22,Millwall_v_Norwich_Championship_OVER_1_5_2026-08-22,NO DATA,False,NO DATA — PENDING,,,,football-data.co.uk (no data),,False
Millwall v Norwich (Championship),Championship,OVER_2_5,Over 2.5,0.43447813043763023,0,Bet365,2026-08-22,Millwall_v_Norwich_Championship_OVER_2_5_2026-08-22,NO DATA,False,NO DATA — PENDING,,,,football-data.co.uk (no data),,False
Millwall v Norwich (Championship),Championship,OVER_3_5,Over 3.5,0.22463769009036566,0,Bet365,2026-08-22,Millwall_v_Norwich_Championship_OVER_3_5_2026-08-22,NO DATA,False,NO DATA — PENDING,,,,football-data.co.uk (no data),,False
Millwall v Norwich (Championship),Championship,BTTS_YES,BTTS Yes,0.49377323238428505,0,Bet365,2026-08-22,Millwall_v_Norwich_Championship_BTTS_YES_2026-08-22,NO DATA,False,NO DATA — PENDING,,,,football-data.co.uk (no data),,False
Millwall v Norwich (Championship),Championship,BTTS_NO,BTTS No,0.506226767615715,0,Bet365,2026-08-22,Millwall_v_Norwich_Championship_BTTS_NO_2026-08-22,NO DATA,False,NO DATA — PENDING,,,,football-data.co.uk (no data),,False
Lincoln v Portsmouth (Championship),Championship,1X2_HOME,Home Win,0.0158098934849306,0,Bet365,2026-08-22,Lincoln_v_Portsmouth_Championship_1X2_HOME_2026-08-22,NO DATA,False,NO DATA — PENDING,,,,football-data.co.uk (no data),,False
Lincoln v Portsmouth (Championship),Championship,1X2_DRAW,Draw,0.18168162839316582,0,Bet365,2026-08-22,Lincoln_v_Portsmouth_Championship_1X2_DRAW_2026-08-22,NO DATA,False,NO DATA — PENDING,,,,football-data.co.uk (no data),,False
Lincoln v Portsmouth (Championship),Championship,1X2_AWAY,Away Win,0.8025084781219036,0,Bet365,2026-08-22,Lincoln_v_Portsmouth_Championship_1X2_AWAY_2026-08-22,NO DATA,False,NO DATA — PENDING,,,,football-data.co.uk (no data),,False
West Ham v Charlton (Championship),Championship,1X2_HOME,Home Win,0.8096997288171129,0,Bet365,2026-08-22,West_Ham_v_Charlton_Championship_1X2_HOME_2026-08-22,NO DATA,False,NO DATA — PENDING,,,,football-data.co.uk (no data),,False
West Ham v Charlton (Championship),Championship,1X2_DRAW,Draw,0.17830945446848342,0,Bet365,2026-08-22,West_Ham_v_Charlton_Championship_1X2_DRAW_2026-08-22,NO DATA,False,NO DATA — PENDING,,,,football-data.co.uk (no data),,False
West Ham v Charlton (Championship),Championship,1X2_AWAY,Away Win,0.011990816714403645,0,Bet365,2026-08-22,West_Ham_v_Charlton_Championship_1X2_AWAY_2026-08-22,NO DATA,False,NO DATA — PENDING,,,,football-data.co.uk (no data),,False
Preston v Wolves (Championship),Championship,1X2_HOME,Home Win,0.1834778372944641,0,Bet365,2026-08-22,Preston_v_Wolves_Championship_1X2_HOME_2026-08-22,NO DATA,False,NO DATA — PENDING,,,,football-data.co.uk (no data),,False
Preston v Wolves (Championship),Championship,1X2_DRAW,Draw,0.26086869460941775,0,Bet365,2026-08-22,Preston_v_Wolves_Championship_1X2_DRAW_2026-08-22,NO DATA,False,NO DATA — PENDING,,,,football-data.co.uk (no data),,False
Preston v Wolves (Championship),Championship,1X2_AWAY,Away Win,0.5556534680961182,0,Bet365,2026-08-22,Preston_v_Wolves_Championship_1X2_AWAY_2026-08-22,NO DATA,False,NO DATA — PENDING,,,,football-data.co.uk (no data),,False
Blackburn v Middlesbrough (Championship),Championship,1X2_HOME,Home Win,0.20723031282877608,0,Bet365,2026-08-22,Blackburn_v_Middlesbrough_Championship_1X2_HOME_2026-08-22,NO DATA,False,NO DATA — PENDING,,,,football-data.co.uk (no data),,False
Blackburn v Middlesbrough (Championship),Championship,1X2_DRAW,Draw,0.3121959195334635,0,Bet365,2026-08-22,Blackburn_v_Middlesbrough_Championship_1X2_DRAW_2026-08-22,NO DATA,False,NO DATA — PENDING,,,,football-data.co.uk (no data),,False
Blackburn v Middlesbrough (Championship),Championship,1X2_AWAY,Away Win,0.4805737676377604,0,Bet365,2026-08-22,Blackburn_v_Middlesbrough_Championship_1X2_AWAY_2026-08-22,NO DATA,False,NO DATA — PENDING,,,,football-data.co.uk (no data),,False
Blackburn v Middlesbrough (Championship),Championship,OVER_1_5,Over 1.5,0.6282713604231425,0,Bet365,2026-08-22,Blackburn_v_Middlesbrough_Championship_OVER_1_5_2026-08-22,NO DATA,False,NO DATA — PENDING,,,,football-data.co.uk (no data),,False
Blackburn v Middlesbrough (Championship),Championship,OVER_2_5,Over 2.5,0.34521413918552313,0,Bet365,2026-08-22,Blackburn_v_Middlesbrough_Championship_OVER_2_5_2026-08-22,NO DATA,False,NO DATA — PENDING,,,,football-data.co.uk (no data),,False
Blackburn v Middlesbrough (Championship),Championship,OVER_3_5,Over 3.5,0.15776533233814233,0,Bet365,2026-08-22,Blackburn_v_Middlesbrough_Championship_OVER_3_5_2026-08-22,NO DATA,False,NO DATA — PENDING,,,,football-data.co.uk (no data),,False
Blackburn v Middlesbrough (Championship),Championship,BTTS_YES,BTTS Yes,0.4053372302457897,0,Bet365,2026-08-22,Blackburn_v_Middlesbrough_Championship_BTTS_YES_2026-08-22,NO DATA,False,NO DATA — PENDING,,,,football-data.co.uk (no data),,False
Blackburn v Middlesbrough (Championship),Championship,BTTS_NO,BTTS No,0.5946627697542103,0,Bet365,2026-08-22,Blackburn_v_Middlesbrough_Championship_BTTS_NO_2026-08-22,NO DATA,False,NO DATA — PENDING,,,,football-data.co.uk (no data),,False
Derby v Cardiff (Championship),Championship,1X2_HOME,Home Win,0.5378016980480976,0,Bet365,2026-08-22,Derby_v_Cardiff_Championship_1X2_HOME_2026-08-22,NO DATA,False,NO DATA — PENDING,,,,football-data.co.uk (no data),,False
Derby v Cardiff (Championship),Championship,1X2_DRAW,Draw,0.25714305000566484,0,Bet365,2026-08-22,Derby_v_Cardiff_Championship_1X2_DRAW_2026-08-22,NO DATA,False,NO DATA — PENDING,,,,football-data.co.uk (no data),,False
Derby v Cardiff (Championship),Championship,1X2_AWAY,Away Win,0.20505525194623753,0,Bet365,2026-08-22,Derby_v_Cardiff_Championship_1X2_AWAY_2026-08-22,NO DATA,False,NO DATA — PENDING,,,,football-data.co.uk (no data),,False
Derby v Cardiff (Championship),Championship,OVER_1_5,Over 1.5,0.7016477293670406,0,Bet365,2026-08-22,Derby_v_Cardiff_Championship_OVER_1_5_2026-08-22,NO DATA,False,NO DATA — PENDING,,,,football-data.co.uk (no data),,False
Derby v Cardiff (Championship),Championship,OVER_2_5,Over 2.5,0.44020834167964584,0,Bet365,2026-08-22,Derby_v_Cardiff_Championship_OVER_2_5_2026-08-22,NO DATA,False,NO DATA — PENDING,,,,football-data.co.uk (no data),,False
Derby v Cardiff (Championship),Championship,OVER_3_5,Over 3.5,0.22927335896109285,0,Bet365,2026-08-22,Derby_v_Cardiff_Championship_OVER_3_5_2026-08-22,NO DATA,False,NO DATA — PENDING,,,,football-data.co.uk (no data),,False
Derby v Cardiff (Championship),Championship,BTTS_YES,BTTS Yes,0.4609914549559888,0,Bet365,2026-08-22,Derby_v_Cardiff_Championship_BTTS_YES_2026-08-22,NO DATA,False,NO DATA — PENDING,,,,football-data.co.uk (no data),,False
Derby v Cardiff (Championship),Championship,BTTS_NO,BTTS No,0.5390085450440112,0,Bet365,2026-08-22,Derby_v_Cardiff_Championship_BTTS_NO_2026-08-22,NO DATA,False,NO DATA — PENDING,,,,football-data.co.uk (no data),,False
Wrexham v Watford (Championship),Championship,1X2_HOME,Home Win,0.5027248647215031,0,Bet365,2026-08-22,Wrexham_v_Watford_Championship_1X2_HOME_2026-08-22,NO DATA,False,NO DATA — PENDING,,,,football-data.co.uk (no data),,False
Wrexham v Watford (Championship),Championship,1X2_DRAW,Draw,0.25718553293770935,0,Bet365,2026-08-22,Wrexham_v_Watford_Championship_1X2_DRAW_2026-08-22,NO DATA,False,NO DATA — PENDING,,,,football-data.co.uk (no data),,False
Wrexham v Watford (Championship),Championship,1X2_AWAY,Away Win,0.24008960234078752,0,Bet365,2026-08-22,Wrexham_v_Watford_Championship_1X2_AWAY_2026-08-22,NO DATA,False,NO DATA — PENDING,,,,football-data.co.uk (no data),,False
Wrexham v Watford (Championship),Championship,OVER_1_5,Over 1.5,0.7998677277209839,1.28,Bet365,2026-08-22,Wrexham_v_Watford_Championship_OVER_1_5_2026-08-22,NO DATA,False,NO DATA — PENDING,,,,football-data.co.uk (no data),,False
Wrexham v Watford (Championship),Championship,OVER_2_5,Over 2.5,0.5587864355775779,0,Bet365,2026-08-22,Wrexham_v_Watford_Championship_OVER_2_5_2026-08-22,NO DATA,False,NO DATA — PENDING,,,,football-data.co.uk (no data),,False
Wrexham v Watford (Championship),Championship,OVER_3_5,Over 3.5,0.3349835755998137,0,Bet365,2026-08-22,Wrexham_v_Watford_Championship_OVER_3_5_2026-08-22,NO DATA,False,NO DATA — PENDING,,,,football-data.co.uk (no data),,False
Wrexham v Watford (Championship),Championship,BTTS_YES,BTTS Yes,0.5798191870752925,0,Bet365,2026-08-22,Wrexham_v_Watford_Championship_BTTS_YES_2026-08-22,NO DATA,False,NO DATA — PENDING,,,,football-data.co.uk (no data),,False
Wrexham v Watford (Championship),Championship,BTTS_NO,BTTS No,0.42018081292470755,0,Bet365,2026-08-22,Wrexham_v_Watford_Championship_BTTS_NO_2026-08-22,NO DATA,False,NO DATA — PENDING,,,,football-data.co.uk (no data),,False
Southampton v Stoke (Championship),Championship,1X2_HOME,Home Win,0.5551278292358717,1.65,Bet365,2026-08-22,Southampton_v_Stoke_Championship_1X2_HOME_2026-08-22,NO DATA,False,NO DATA — PENDING,,,,football-data.co.uk (no data),,False
Southampton v Stoke (Championship),Championship,1X2_DRAW,Draw,0.2535470806211018,0,Bet365,2026-08-22,Southampton_v_Stoke_Championship_1X2_DRAW_2026-08-22,NO DATA,False,NO DATA — PENDING,,,,football-data.co.uk (no data),,False
Southampton v Stoke (Championship),Championship,1X2_AWAY,Away Win,0.1913250901430263,0,Bet365,2026-08-22,Southampton_v_Stoke_Championship_1X2_AWAY_2026-08-22,NO DATA,False,NO DATA — PENDING,,,,football-data.co.uk (no data),,False
Southampton v Stoke (Championship),Championship,OVER_1_5,Over 1.5,0.7732102590863015,0,Bet365,2026-08-22,Southampton_v_Stoke_Championship_OVER_1_5_2026-08-22,NO DATA,False,NO DATA — PENDING,,,,football-data.co.uk (no data),,False
Southampton v Stoke (Championship),Championship,OVER_2_5,Over 2.5,0.5209764852323856,0,Bet365,2026-08-22,Southampton_v_Stoke_Championship_OVER_2_5_2026-08-22,NO DATA,False,NO DATA — PENDING,,,,football-data.co.uk (no data),,False
Southampton v Stoke (Championship),Championship,OVER_3_5,Over 3.5,0.2991937436776821,0,Bet365,2026-08-22,Southampton_v_Stoke_Championship_OVER_3_5_2026-08-22,NO DATA,False,NO DATA — PENDING,,,,football-data.co.uk (no data),,False
Southampton v Stoke (Championship),Championship,BTTS_YES,BTTS Yes,0.5285194537056279,0,Bet365,2026-08-22,Southampton_v_Stoke_Championship_BTTS_YES_2026-08-22,NO DATA,False,NO DATA — PENDING,,,,football-data.co.uk (no data),,False
Southampton v Stoke (Championship),Championship,BTTS_NO,BTTS No,0.4714805462943721,0,Bet365,2026-08-22,Southampton_v_Stoke_Championship_BTTS_NO_2026-08-22,NO DATA,False,NO DATA — PENDING,,,,football-data.co.uk (no data),,False
Swansea v Sheffield United (Championship),Championship,1X2_HOME,Home Win,0.40254661818892823,0,,2026-08-22,Swansea_v_Sheffield_United_Championship_1X2_HOME_2026-08-22,NO DATA,False,NO DATA — PENDING,,,,football-data.co.uk (no data),,False
Swansea v Sheffield United (Championship),Championship,1X2_DRAW,Draw,0.27907891184895156,0,,2026-08-22,Swansea_v_Sheffield_United_Championship_1X2_DRAW_2026-08-22,NO DATA,False,NO DATA — PENDING,,,,football-data.co.uk (no data),,False
Swansea v Sheffield United (Championship),Championship,1X2_AWAY,Away Win,0.3183744699621204,0,,2026-08-22,Swansea_v_Sheffield_United_Championship_1X2_AWAY_2026-08-22,NO DATA,False,NO DATA — PENDING,,,,football-data.co.uk (no data),,False
Swansea v Sheffield United (Championship),Championship,OVER_1_5,Over 1.5,0.771323091924218,0,,2026-08-22,Swansea_v_Sheffield_United_Championship_OVER_1_5_2026-08-22,NO DATA,False,NO DATA — PENDING,,,,football-data.co.uk (no data),,False
Swansea v Sheffield United (Championship),Championship,OVER_2_5,Over 2.5,0.5168937055489669,0,,2026-08-22,Swansea_v_Sheffield_United_Championship_OVER_2_5_2026-08-22,NO DATA,False,NO DATA — PENDING,,,,football-data.co.uk (no data),,False
Swansea v Sheffield United (Championship),Championship,OVER_3_5,Over 3.5,0.2954496113716929,0,,2026-08-22,Swansea_v_Sheffield_United_Championship_OVER_3_5_2026-08-22,NO DATA,False,NO DATA — PENDING,,,,football-data.co.uk (no data),,False
Swansea v Sheffield United (Championship),Championship,BTTS_YES,BTTS Yes,0.5670601678865084,0,,2026-08-22,Swansea_v_Sheffield_United_Championship_BTTS_YES_2026-08-22,NO DATA,False,NO DATA — PENDING,,,,football-data.co.uk (no data),,False
Swansea v Sheffield United (Championship),Championship,BTTS_NO,BTTS No,0.43293983211349163,0,,2026-08-22,Swansea_v_Sheffield_United_Championship_BTTS_NO_2026-08-22,NO DATA,False,NO DATA — PENDING,,,,football-data.co.uk (no data),,False
Sparta Rotterdam v Utrecht (Eredivisie),Eredivisie,1X2_HOME,Home Win,0.25320146398916454,0,Bet365,2026-08-22,Sparta_Rotterdam_v_Utrecht_Eredivisie_1X2_HOME_2026-08-22,NO DATA,False,NO DATA — PENDING,,,,football-data.co.uk (no data),,False
Sparta Rotterdam v Utrecht (Eredivisie),Eredivisie,1X2_DRAW,Draw,0.29253569163568016,0,Bet365,2026-08-22,Sparta_Rotterdam_v_Utrecht_Eredivisie_1X2_DRAW_2026-08-22,NO DATA,False,NO DATA — PENDING,,,,football-data.co.uk (no data),,False
Sparta Rotterdam v Utrecht (Eredivisie),Eredivisie,1X2_AWAY,Away Win,0.4542628443751552,0,Bet365,2026-08-22,Sparta_Rotterdam_v_Utrecht_Eredivisie_1X2_AWAY_2026-08-22,NO DATA,False,NO DATA — PENDING,,,,football-data.co.uk (no data),,False
Sparta Rotterdam v Utrecht (Eredivisie),Eredivisie,OVER_1_5,Over 1.5,0.7247510074162147,0,Bet365,2026-08-22,Sparta_Rotterdam_v_Utrecht_Eredivisie_OVER_1_5_2026-08-22,NO DATA,False,NO DATA — PENDING,,,,football-data.co.uk (no data),,False
Sparta Rotterdam v Utrecht (Eredivisie),Eredivisie,OVER_2_5,Over 2.5,0.4530519139990564,0,Bet365,2026-08-22,Sparta_Rotterdam_v_Utrecht_Eredivisie_OVER_2_5_2026-08-22,NO DATA,False,NO DATA — PENDING,,,,football-data.co.uk (no data),,False
Sparta Rotterdam v Utrecht (Eredivisie),Eredivisie,OVER_3_5,Over 3.5,0.2398176410557812,0,Bet365,2026-08-22,Sparta_Rotterdam_v_Utrecht_Eredivisie_OVER_3_5_2026-08-22,NO DATA,False,NO DATA — PENDING,,,,football-data.co.uk (no data),,False
Sparta Rotterdam v Utrecht (Eredivisie),Eredivisie,BTTS_YES,BTTS Yes,0.5081178956053937,0,Bet365,2026-08-22,Sparta_Rotterdam_v_Utrecht_Eredivisie_BTTS_YES_2026-08-22,NO DATA,False,NO DATA — PENDING,,,,football-data.co.uk (no data),,False
Sparta Rotterdam v Utrecht (Eredivisie),Eredivisie,BTTS_NO,BTTS No,0.49188210439460633,0,Bet365,2026-08-22,Sparta_Rotterdam_v_Utrecht_Eredivisie_BTTS_NO_2026-08-22,NO DATA,False,NO DATA — PENDING,,,,football-data.co.uk (no data),,False
PSV Eindhoven v Utrecht (Eredivisie),Eredivisie,1X2_HOME,Home Win,0.6529413425548876,1.15,SportyBet Nigeria,2026-08-22,PSV_Eindhoven_v_Utrecht_Eredivisie_1X2_HOME_2026-08-22,NO DATA,False,NO DATA — PENDING,,,,football-data.co.uk (no data),,False
PSV Eindhoven v Utrecht (Eredivisie),Eredivisie,1X2_DRAW,Draw,0.1904165227320193,0,SportyBet Nigeria,2026-08-22,PSV_Eindhoven_v_Utrecht_Eredivisie_1X2_DRAW_2026-08-22,NO DATA,False,NO DATA — PENDING,,,,football-data.co.uk (no data),,False
PSV Eindhoven v Utrecht (Eredivisie),Eredivisie,1X2_AWAY,Away Win,0.15664213471309307,0,SportyBet Nigeria,2026-08-22,PSV_Eindhoven_v_Utrecht_Eredivisie_1X2_AWAY_2026-08-22,NO DATA,False,NO DATA — PENDING,,,,football-data.co.uk (no data),,False
PSV Eindhoven v Utrecht (Eredivisie),Eredivisie,OVER_1_5,Over 1.5,0.8998720089564128,0,SportyBet Nigeria,2026-08-22,PSV_Eindhoven_v_Utrecht_Eredivisie_OVER_1_5_2026-08-22,NO DATA,False,NO DATA — PENDING,,,,football-data.co.uk (no data),,False
PSV Eindhoven v Utrecht (Eredivisie),Eredivisie,OVER_2_5,Over 2.5,0.7290932772114626,0,SportyBet Nigeria,2026-08-22,PSV_Eindhoven_v_Utrecht_Eredivisie_OVER_2_5_2026-08-22,NO DATA,False,NO DATA — PENDING,,,,football-data.co.uk (no data),,False
PSV Eindhoven v Utrecht (Eredivisie),Eredivisie,OVER_3_5,Over 3.5,0.5239631359137472,0,SportyBet Nigeria,2026-08-22,PSV_Eindhoven_v_Utrecht_Eredivisie_OVER_3_5_2026-08-22,NO DATA,False,NO DATA — PENDING,,,,football-data.co.uk (no data),,False
PSV Eindhoven v Utrecht (Eredivisie),Eredivisie,BTTS_YES,BTTS Yes,0.6609529605688484,0,SportyBet Nigeria,2026-08-22,PSV_Eindhoven_v_Utrecht_Eredivisie_BTTS_YES_2026-08-22,NO DATA,False,NO DATA — PENDING,,,,football-data.co.uk (no data),,False
PSV Eindhoven v Utrecht (Eredivisie),Eredivisie,BTTS_NO,BTTS No,0.33904703943115155,0,SportyBet Nigeria,2026-08-22,PSV_Eindhoven_v_Utrecht_Eredivisie_BTTS_NO_2026-08-22,NO DATA,False,NO DATA — PENDING,,,,football-data.co.uk (no data),,False
Athletic Club v Sevilla (La Liga),La Liga,1X2_HOME,Home Win,0.4662014623421894,0,Bet365,2026-08-22,Athletic_Club_v_Sevilla_La_Liga_1X2_HOME_2026-08-22,NO DATA,False,NO DATA — PENDING,,,,football-data.co.uk (no data),,False
Athletic Club v Sevilla (La Liga),La Liga,1X2_DRAW,Draw,0.2552736191177199,0,Bet365,2026-08-22,Athletic_Club_v_Sevilla_La_Liga_1X2_DRAW_2026-08-22,NO DATA,False,NO DATA — PENDING,,,,football-data.co.uk (no data),,False
Athletic Club v Sevilla (La Liga),La Liga,1X2_AWAY,Away Win,0.27852491854009065,0,Bet365,2026-08-22,Athletic_Club_v_Sevilla_La_Liga_1X2_AWAY_2026-08-22,NO DATA,False,NO DATA — PENDING,,,,football-data.co.uk (no data),,False
Athletic Club v Sevilla (La Liga),La Liga,OVER_1_5,Over 1.5,0.7513775370838908,1.4,Bet365,2026-08-22,Athletic_Club_v_Sevilla_La_Liga_OVER_1_5_2026-08-22,NO DATA,False,NO DATA — PENDING,,,,football-data.co.uk (no data),,False
Athletic Club v Sevilla (La Liga),La Liga,OVER_2_5,Over 2.5,0.5044551864243453,0,Bet365,2026-08-22,Athletic_Club_v_Sevilla_La_Liga_OVER_2_5_2026-08-22,NO DATA,False,NO DATA — PENDING,,,,football-data.co.uk (no data),,False
Athletic Club v Sevilla (La Liga),La Liga,OVER_3_5,Over 3.5,0.28418182500676187,0,Bet365,2026-08-22,Athletic_Club_v_Sevilla_La_Liga_OVER_3_5_2026-08-22,NO DATA,False,NO DATA — PENDING,,,,football-data.co.uk (no data),,False
Athletic Club v Sevilla (La Liga),La Liga,BTTS_YES,BTTS Yes,0.5377304379420216,0,Bet365,2026-08-22,Athletic_Club_v_Sevilla_La_Liga_BTTS_YES_2026-08-22,NO DATA,False,NO DATA — PENDING,,,,football-data.co.uk (no data),,False
Athletic Club v Sevilla (La Liga),La Liga,BTTS_NO,BTTS No,0.4622695620579784,0,Bet365,2026-08-22,Athletic_Club_v_Sevilla_La_Liga_BTTS_NO_2026-08-22,NO DATA,False,NO DATA — PENDING,,,,football-data.co.uk (no data),,False
Espanyol v Real Madrid (La Liga),La Liga,1X2_HOME,Home Win,0.09864509484543428,0,Bet365,2026-08-22,Espanyol_v_Real_Madrid_La_Liga_1X2_HOME_2026-08-22,NO DATA,False,NO DATA — PENDING,,,,football-data.co.uk (no data),,False
Espanyol v Real Madrid (La Liga),La Liga,1X2_DRAW,Draw,0.22597958442526553,0,Bet365,2026-08-22,Espanyol_v_Real_Madrid_La_Liga_1X2_DRAW_2026-08-22,NO DATA,False,NO DATA — PENDING,,,,football-data.co.uk (no data),,False
Espanyol v Real Madrid (La Liga),La Liga,1X2_AWAY,Away Win,0.6753753207293002,1.45,Bet365,2026-08-22,Espanyol_v_Real_Madrid_La_Liga_1X2_AWAY_2026-08-22,NO DATA,False,NO DATA — PENDING,,,,football-data.co.uk (no data),,False
Ath Bilbao v Sevilla (La Liga),La Liga,1X2_HOME,Home Win,0.4662014939348387,1.77,SportyBet Nigeria,2026-08-22,Ath_Bilbao_v_Sevilla_La_Liga_1X2_HOME_2026-08-22,NO DATA,False,NO DATA — PENDING,,,,football-data.co.uk (no data),,False
Ath Bilbao v Sevilla (La Liga),La Liga,1X2_DRAW,Draw,0.2552736769131017,0,SportyBet Nigeria,2026-08-22,Ath_Bilbao_v_Sevilla_La_Liga_1X2_DRAW_2026-08-22,NO DATA,False,NO DATA — PENDING,,,,football-data.co.uk (no data),,False
Ath Bilbao v Sevilla (La Liga),La Liga,1X2_AWAY,Away Win,0.2785248291520594,0,SportyBet Nigeria,2026-08-22,Ath_Bilbao_v_Sevilla_La_Liga_1X2_AWAY_2026-08-22,NO DATA,False,NO DATA — PENDING,,,,football-data.co.uk (no data),,False
Ath Bilbao v Sevilla (La Liga),La Liga,OVER_1_5,Over 1.5,0.7513773209647272,0,SportyBet Nigeria,2026-08-22,Ath_Bilbao_v_Sevilla_La_Liga_OVER_1_5_2026-08-22,NO DATA,False,NO DATA — PENDING,,,,football-data.co.uk (no data),,False
Ath Bilbao v Sevilla (La Liga),La Liga,OVER_2_5,Over 2.5,0.5044548949930732,0,SportyBet Nigeria,2026-08-22,Ath_Bilbao_v_Sevilla_La_Liga_OVER_2_5_2026-08-22,NO DATA,False,NO DATA — PENDING,,,,football-data.co.uk (no data),,False
Ath Bilbao v Sevilla (La Liga),La Liga,OVER_3_5,Over 3.5,0.2841815634799756,0,SportyBet Nigeria,2026-08-22,Ath_Bilbao_v_Sevilla_La_Liga_OVER_3_5_2026-08-22,NO DATA,False,NO DATA — PENDING,,,,football-data.co.uk (no data),,False
Ath Bilbao v Sevilla (La Liga),La Liga,BTTS_YES,BTTS Yes,0.5377301931551628,0,SportyBet Nigeria,2026-08-22,Ath_Bilbao_v_Sevilla_La_Liga_BTTS_YES_2026-08-22,NO DATA,False,NO DATA — PENDING,,,,football-data.co.uk (no data),,False
Ath Bilbao v Sevilla (La Liga),La Liga,BTTS_NO,BTTS No,0.4622698068448372,0,SportyBet Nigeria,2026-08-22,Ath_Bilbao_v_Sevilla_La_Liga_BTTS_NO_2026-08-22,NO DATA,False,NO DATA — PENDING,,,,football-data.co.uk (no data),,False
Valencia v Celta (La Liga),La Liga,1X2_HOME,Home Win,0.38848502696196036,0,,2026-08-22,Valencia_v_Celta_La_Liga_1X2_HOME_2026-08-22,NO DATA,False,NO DATA — PENDING,,,,football-data.co.uk (no data),,False
Valencia v Celta (La Liga),La Liga,1X2_DRAW,Draw,0.2684112095583121,0,,2026-08-22,Valencia_v_Celta_La_Liga_1X2_DRAW_2026-08-22,NO DATA,False,NO DATA — PENDING,,,,football-data.co.uk (no data),,False
Valencia v Celta (La Liga),La Liga,1X2_AWAY,Away Win,0.34310376347972765,0,,2026-08-22,Valencia_v_Celta_La_Liga_1X2_AWAY_2026-08-22,NO DATA,False,NO DATA — PENDING,,,,football-data.co.uk (no data),,False
Valencia v Celta (La Liga),La Liga,OVER_1_5,Over 1.5,0.7283285429374818,0,,2026-08-22,Valencia_v_Celta_La_Liga_OVER_1_5_2026-08-22,NO DATA,False,NO DATA — PENDING,,,,football-data.co.uk (no data),,False
Valencia v Celta (La Liga),La Liga,OVER_2_5,Over 2.5,0.47404041468475305,0,,2026-08-22,Valencia_v_Celta_La_Liga_OVER_2_5_2026-08-22,NO DATA,False,NO DATA — PENDING,,,,football-data.co.uk (no data),,False
Valencia v Celta (La Liga),La Liga,OVER_3_5,Over 3.5,0.25750982939343764,0,,2026-08-22,Valencia_v_Celta_La_Liga_OVER_3_5_2026-08-22,NO DATA,False,NO DATA — PENDING,,,,football-data.co.uk (no data),,False
Valencia v Celta (La Liga),La Liga,BTTS_YES,BTTS Yes,0.5241523585898165,0,,2026-08-22,Valencia_v_Celta_La_Liga_BTTS_YES_2026-08-22,NO DATA,False,NO DATA — PENDING,,,,football-data.co.uk (no data),,False
Valencia v Celta (La Liga),La Liga,BTTS_NO,BTTS No,0.47584764141018354,0,,2026-08-22,Valencia_v_Celta_La_Liga_BTTS_NO_2026-08-22,NO DATA,False,NO DATA — PENDING,,,,football-data.co.uk (no data),,False
Espanol v Real Madrid (La Liga),La Liga,1X2_HOME,Home Win,0.19494487407045807,0,Bet365,2026-08-22,Espanol_v_Real_Madrid_La_Liga_1X2_HOME_2026-08-22,NO DATA,False,NO DATA — PENDING,,,,football-data.co.uk (no data),,False
Espanol v Real Madrid (La Liga),La Liga,1X2_DRAW,Draw,0.23530514163620844,0,Bet365,2026-08-22,Espanol_v_Real_Madrid_La_Liga_1X2_DRAW_2026-08-22,NO DATA,False,NO DATA — PENDING,,,,football-data.co.uk (no data),,False
Espanol v Real Madrid (La Liga),La Liga,1X2_AWAY,Away Win,0.5697499842933336,0,Bet365,2026-08-22,Espanol_v_Real_Madrid_La_Liga_1X2_AWAY_2026-08-22,NO DATA,False,NO DATA — PENDING,,,,football-data.co.uk (no data),,False
Espanol v Real Madrid (La Liga),La Liga,OVER_1_5,Over 1.5,0.7532441033300196,0,Bet365,2026-08-22,Espanol_v_Real_Madrid_La_Liga_OVER_1_5_2026-08-22,NO DATA,False,NO DATA — PENDING,,,,football-data.co.uk (no data),,False
Espanol v Real Madrid (La Liga),La Liga,OVER_2_5,Over 2.5,0.5071248258554597,0,Bet365,2026-08-22,Espanol_v_Real_Madrid_La_Liga_OVER_2_5_2026-08-22,NO DATA,False,NO DATA — PENDING,,,,football-data.co.uk (no data),,False
Espanol v Real Madrid (La Liga),La Liga,OVER_3_5,Over 3.5,0.28658187046140415,0,Bet365,2026-08-22,Espanol_v_Real_Madrid_La_Liga_OVER_3_5_2026-08-22,NO DATA,False,NO DATA — PENDING,,,,football-data.co.uk (no data),,False
Espanol v Real Madrid (La Liga),La Liga,BTTS_YES,BTTS Yes,0.5045917658582111,0,Bet365,2026-08-22,Espanol_v_Real_Madrid_La_Liga_BTTS_YES_2026-08-22,NO DATA,False,NO DATA — PENDING,,,,football-data.co.uk (no data),,False
Espanol v Real Madrid (La Liga),La Liga,BTTS_NO,BTTS No,0.4954082341417889,1.95,Bet365,2026-08-22,Espanol_v_Real_Madrid_La_Liga_BTTS_NO_2026-08-22,NO DATA,False,NO DATA — PENDING,,,,football-data.co.uk (no data),,False
Ceuta v Las Palmas (La Liga 2),La Liga 2,1X2_HOME,Home Win,0.2679035207657005,0,,2026-08-22,Ceuta_v_Las_Palmas_La_Liga_2_1X2_HOME_2026-08-22,NO DATA,False,NO DATA — PENDING,,,,football-data.co.uk (no data),,False
Ceuta v Las Palmas (La Liga 2),La Liga 2,1X2_DRAW,Draw,0.27642572651610275,0,,2026-08-22,Ceuta_v_Las_Palmas_La_Liga_2_1X2_DRAW_2026-08-22,NO DATA,False,NO DATA — PENDING,,,,football-data.co.uk (no data),,False
Ceuta v Las Palmas (La Liga 2),La Liga 2,1X2_AWAY,Away Win,0.45567075271819657,0,,2026-08-22,Ceuta_v_Las_Palmas_La_Liga_2_1X2_AWAY_2026-08-22,NO DATA,False,NO DATA — PENDING,,,,football-data.co.uk (no data),,False
Ceuta v Las Palmas (La Liga 2),La Liga 2,OVER_1_5,Over 1.5,0.6801950769798061,0,,2026-08-22,Ceuta_v_Las_Palmas_La_Liga_2_OVER_1_5_2026-08-22,NO DATA,False,NO DATA — PENDING,,,,football-data.co.uk (no data),,False
Ceuta v Las Palmas (La Liga 2),La Liga 2,OVER_2_5,Over 2.5,0.4153662112917973,0,,2026-08-22,Ceuta_v_Las_Palmas_La_Liga_2_OVER_2_5_2026-08-22,NO DATA,False,NO DATA — PENDING,,,,football-data.co.uk (no data),,False
Ceuta v Las Palmas (La Liga 2),La Liga 2,OVER_3_5,Over 3.5,0.20947864369370106,0,,2026-08-22,Ceuta_v_Las_Palmas_La_Liga_2_OVER_3_5_2026-08-22,NO DATA,False,NO DATA — PENDING,,,,football-data.co.uk (no data),,False
Ceuta v Las Palmas (La Liga 2),La Liga 2,BTTS_YES,BTTS Yes,0.4659279462015927,0,,2026-08-22,Ceuta_v_Las_Palmas_La_Liga_2_BTTS_YES_2026-08-22,NO DATA,False,NO DATA — PENDING,,,,football-data.co.uk (no data),,False
Ceuta v Las Palmas (La Liga 2),La Liga 2,BTTS_NO,BTTS No,0.5340720537984073,0,,2026-08-22,Ceuta_v_Las_Palmas_La_Liga_2_BTTS_NO_2026-08-22,NO DATA,False,NO DATA — PENDING,,,,football-data.co.uk (no data),,False
Lens v Auxerre (Ligue 1),Ligue 1,1X2_HOME,Home Win,0.6789538965777258,0,Bet365,2026-08-22,Lens_v_Auxerre_Ligue_1_1X2_HOME_2026-08-22,NO DATA,False,NO DATA — PENDING,,,,football-data.co.uk (no data),,False
Lens v Auxerre (Ligue 1),Ligue 1,1X2_DRAW,Draw,0.2047726137574826,0,Bet365,2026-08-22,Lens_v_Auxerre_Ligue_1_1X2_DRAW_2026-08-22,NO DATA,False,NO DATA — PENDING,,,,football-data.co.uk (no data),,False
Lens v Auxerre (Ligue 1),Ligue 1,1X2_AWAY,Away Win,0.11627348966479167,0,Bet365,2026-08-22,Lens_v_Auxerre_Ligue_1_1X2_AWAY_2026-08-22,NO DATA,False,NO DATA — PENDING,,,,football-data.co.uk (no data),,False
Lens v Auxerre (Ligue 1),Ligue 1,OVER_1_5,Over 1.5,0.7310721159591862,0,Bet365,2026-08-22,Lens_v_Auxerre_Ligue_1_OVER_1_5_2026-08-22,NO DATA,False,NO DATA — PENDING,,,,football-data.co.uk (no data),,False
Lens v Auxerre (Ligue 1),Ligue 1,OVER_2_5,Over 2.5,0.47926942283523094,0,Bet365,2026-08-22,Lens_v_Auxerre_Ligue_1_OVER_2_5_2026-08-22,NO DATA,False,NO DATA — PENDING,,,,football-data.co.uk (no data),,False
Lens v Auxerre (Ligue 1),Ligue 1,OVER_3_5,Over 3.5,0.2620058733092841,0,Bet365,2026-08-22,Lens_v_Auxerre_Ligue_1_OVER_3_5_2026-08-22,NO DATA,False,NO DATA — PENDING,,,,football-data.co.uk (no data),,False
Lens v Auxerre (Ligue 1),Ligue 1,BTTS_YES,BTTS Yes,0.41053619689795295,0,Bet365,2026-08-22,Lens_v_Auxerre_Ligue_1_BTTS_YES_2026-08-22,NO DATA,False,NO DATA — PENDING,,,,football-data.co.uk (no data),,False
Lens v Auxerre (Ligue 1),Ligue 1,BTTS_NO,BTTS No,0.589463803102047,0,Bet365,2026-08-22,Lens_v_Auxerre_Ligue_1_BTTS_NO_2026-08-22,NO DATA,False,NO DATA — PENDING,,,,football-data.co.uk (no data),,False
Nice v Lorient (Ligue 1),Ligue 1,1X2_HOME,Home Win,0.32588345633724164,0,Bet365,2026-08-22,Nice_v_Lorient_Ligue_1_1X2_HOME_2026-08-22,NO DATA,False,NO DATA — PENDING,,,,football-data.co.uk (no data),,False
Nice v Lorient (Ligue 1),Ligue 1,1X2_DRAW,Draw,0.248535334923886,0,Bet365,2026-08-22,Nice_v_Lorient_Ligue_1_1X2_DRAW_2026-08-22,NO DATA,False,NO DATA — PENDING,,,,football-data.co.uk (no data),,False
Nice v Lorient (Ligue 1),Ligue 1,1X2_AWAY,Away Win,0.4255812087388725,0,Bet365,2026-08-22,Nice_v_Lorient_Ligue_1_1X2_AWAY_2026-08-22,NO DATA,False,NO DATA — PENDING,,,,football-data.co.uk (no data),,False
Nice v Lorient (Ligue 1),Ligue 1,OVER_1_5,Over 1.5,0.7793743277194689,1.33,Bet365,2026-08-22,Nice_v_Lorient_Ligue_1_OVER_1_5_2026-08-22,NO DATA,False,NO DATA — PENDING,,,,football-data.co.uk (no data),,False
Nice v Lorient (Ligue 1),Ligue 1,OVER_2_5,Over 2.5,0.5449396648465638,0,Bet365,2026-08-22,Nice_v_Lorient_Ligue_1_OVER_2_5_2026-08-22,NO DATA,False,NO DATA — PENDING,,,,football-data.co.uk (no data),,False
Nice v Lorient (Ligue 1),Ligue 1,OVER_3_5,Over 3.5,0.32164184405957613,0,Bet365,2026-08-22,Nice_v_Lorient_Ligue_1_OVER_3_5_2026-08-22,NO DATA,False,NO DATA — PENDING,,,,football-data.co.uk (no data),,False
Nice v Lorient (Ligue 1),Ligue 1,BTTS_YES,BTTS Yes,0.5761394534129669,0,Bet365,2026-08-22,Nice_v_Lorient_Ligue_1_BTTS_YES_2026-08-22,NO DATA,False,NO DATA — PENDING,,,,football-data.co.uk (no data),,False
Nice v Lorient (Ligue 1),Ligue 1,BTTS_NO,BTTS No,0.4238605465870331,0,Bet365,2026-08-22,Nice_v_Lorient_Ligue_1_BTTS_NO_2026-08-22,NO DATA,False,NO DATA — PENDING,,,,football-data.co.uk (no data),,False
Toulouse v Lyon (Ligue 1),Ligue 1,1X2_HOME,Home Win,0.36696742101255486,0,Bet365,2026-08-22,Toulouse_v_Lyon_Ligue_1_1X2_HOME_2026-08-22,NO DATA,False,NO DATA — PENDING,,,,football-data.co.uk (no data),,False
Toulouse v Lyon (Ligue 1),Ligue 1,1X2_DRAW,Draw,0.26443049690006426,0,Bet365,2026-08-22,Toulouse_v_Lyon_Ligue_1_1X2_DRAW_2026-08-22,NO DATA,False,NO DATA — PENDING,,,,football-data.co.uk (no data),,False
Toulouse v Lyon (Ligue 1),Ligue 1,1X2_AWAY,Away Win,0.36860208208738104,0,Bet365,2026-08-22,Toulouse_v_Lyon_Ligue_1_1X2_AWAY_2026-08-22,NO DATA,False,NO DATA — PENDING,,,,football-data.co.uk (no data),,False
Toulouse v Lyon (Ligue 1),Ligue 1,OVER_1_5,Over 1.5,0.7332118494280461,0,Bet365,2026-08-22,Toulouse_v_Lyon_Ligue_1_OVER_1_5_2026-08-22,NO DATA,False,NO DATA — PENDING,,,,football-data.co.uk (no data),,False
Toulouse v Lyon (Ligue 1),Ligue 1,OVER_2_5,Over 2.5,0.4819517381342964,0,Bet365,2026-08-22,Toulouse_v_Lyon_Ligue_1_OVER_2_5_2026-08-22,NO DATA,False,NO DATA — PENDING,,,,football-data.co.uk (no data),,False
Toulouse v Lyon (Ligue 1),Ligue 1,OVER_3_5,Over 3.5,0.26432884536657747,0,Bet365,2026-08-22,Toulouse_v_Lyon_Ligue_1_OVER_3_5_2026-08-22,NO DATA,False,NO DATA — PENDING,,,,football-data.co.uk (no data),,False
Toulouse v Lyon (Ligue 1),Ligue 1,BTTS_YES,BTTS Yes,0.5298138007430512,0,Bet365,2026-08-22,Toulouse_v_Lyon_Ligue_1_BTTS_YES_2026-08-22,NO DATA,False,NO DATA — PENDING,,,,football-data.co.uk (no data),,False
Toulouse v Lyon (Ligue 1),Ligue 1,BTTS_NO,BTTS No,0.4701861992569488,0,Bet365,2026-08-22,Toulouse_v_Lyon_Ligue_1_BTTS_NO_2026-08-22,NO DATA,False,NO DATA — PENDING,,,,football-data.co.uk (no data),,False
Le Mans FC v Brest (Ligue 1),Ligue 1,1X2_HOME,Home Win,0.26380134637011066,0,,2026-08-22,Le_Mans_FC_v_Brest_Ligue_1_1X2_HOME_2026-08-22,NO DATA,False,NO DATA — PENDING,,,,football-data.co.uk (no data),,False
Le Mans FC v Brest (Ligue 1),Ligue 1,1X2_DRAW,Draw,0.2918516303811249,0,,2026-08-22,Le_Mans_FC_v_Brest_Ligue_1_1X2_DRAW_2026-08-22,NO DATA,False,NO DATA — PENDING,,,,football-data.co.uk (no data),,False
Le Mans FC v Brest (Ligue 1),Ligue 1,1X2_AWAY,Away Win,0.44434702324876446,0,,2026-08-22,Le_Mans_FC_v_Brest_Ligue_1_1X2_AWAY_2026-08-22,NO DATA,False,NO DATA — PENDING,,,,football-data.co.uk (no data),,False
Troyes v Paris FC (Ligue 1),Ligue 1,1X2_HOME,Home Win,0.28759472521548557,0,,2026-08-22,Troyes_v_Paris_FC_Ligue_1_1X2_HOME_2026-08-22,NO DATA,False,NO DATA — PENDING,,,,football-data.co.uk (no data),,False
Troyes v Paris FC (Ligue 1),Ligue 1,1X2_DRAW,Draw,0.301152216620076,0,,2026-08-22,Troyes_v_Paris_FC_Ligue_1_1X2_DRAW_2026-08-22,NO DATA,False,NO DATA — PENDING,,,,football-data.co.uk (no data),,False
Troyes v Paris FC (Ligue 1),Ligue 1,1X2_AWAY,Away Win,0.4112530581644384,0,,2026-08-22,Troyes_v_Paris_FC_Ligue_1_1X2_AWAY_2026-08-22,NO DATA,False,NO DATA — PENDING,,,,football-data.co.uk (no data),,False
Nantes v Rodez (Ligue 2),Ligue 2,1X2_HOME,Home Win,0.5249703085115394,0,,2026-08-22,Nantes_v_Rodez_Ligue_2_1X2_HOME_2026-08-22,NO DATA,False,NO DATA — PENDING,,,,football-data.co.uk (no data),,False
Nantes v Rodez (Ligue 2),Ligue 2,1X2_DRAW,Draw,0.2694346711893397,0,,2026-08-22,Nantes_v_Rodez_Ligue_2_1X2_DRAW_2026-08-22,NO DATA,False,NO DATA — PENDING,,,,football-data.co.uk (no data),,False
Nantes v Rodez (Ligue 2),Ligue 2,1X2_AWAY,Away Win,0.2055950202991209,0,,2026-08-22,Nantes_v_Rodez_Ligue_2_1X2_AWAY_2026-08-22,NO DATA,False,NO DATA — PENDING,,,,football-data.co.uk (no data),,False
Metz v Laval (Ligue 2),Ligue 2,1X2_HOME,Home Win,0.629011974044983,0,,2026-08-22,Metz_v_Laval_Ligue_2_1X2_HOME_2026-08-22,NO DATA,False,NO DATA — PENDING,,,,football-data.co.uk (no data),,False
Metz v Laval (Ligue 2),Ligue 2,1X2_DRAW,Draw,0.19805055119442358,0,,2026-08-22,Metz_v_Laval_Ligue_2_1X2_DRAW_2026-08-22,NO DATA,False,NO DATA — PENDING,,,,football-data.co.uk (no data),,False
Metz v Laval (Ligue 2),Ligue 2,1X2_AWAY,Away Win,0.17293747476059335,0,,2026-08-22,Metz_v_Laval_Ligue_2_1X2_AWAY_2026-08-22,NO DATA,False,NO DATA — PENDING,,,,football-data.co.uk (no data),,False
Metz v Laval (Ligue 2),Ligue 2,OVER_1_5,Over 1.5,0.7454237818580285,0,,2026-08-22,Metz_v_Laval_Ligue_2_OVER_1_5_2026-08-22,NO DATA,False,NO DATA — PENDING,,,,football-data.co.uk (no data),,False
Metz v Laval (Ligue 2),Ligue 2,OVER_2_5,Over 2.5,0.5124568950792339,0,,2026-08-22,Metz_v_Laval_Ligue_2_OVER_2_5_2026-08-22,NO DATA,False,NO DATA — PENDING,,,,football-data.co.uk (no data),,False
Metz v Laval (Ligue 2),Ligue 2,OVER_3_5,Over 3.5,0.29140503136118334,0,,2026-08-22,Metz_v_Laval_Ligue_2_OVER_3_5_2026-08-22,NO DATA,False,NO DATA — PENDING,,,,football-data.co.uk (no data),,False
Metz v Laval (Ligue 2),Ligue 2,BTTS_YES,BTTS Yes,0.47247336142952434,0,,2026-08-22,Metz_v_Laval_Ligue_2_BTTS_YES_2026-08-22,NO DATA,False,NO DATA — PENDING,,,,football-data.co.uk (no data),,False
Metz v Laval (Ligue 2),Ligue 2,BTTS_NO,BTTS No,0.5275266385704757,0,,2026-08-22,Metz_v_Laval_Ligue_2_BTTS_NO_2026-08-22,NO DATA,False,NO DATA — PENDING,,,,football-data.co.uk (no data),,False
Saint-Ã‰tienne v Grenoble (Ligue 2),Ligue 2,1X2_HOME,Home Win,0.5992824537786519,0,,2026-08-22,Saint-Ã‰tienne_v_Grenoble_Ligue_2_1X2_HOME_2026-08-22,NO DATA,False,NO DATA — PENDING,,,,football-data.co.uk (no data),,False
Saint-Ã‰tienne v Grenoble (Ligue 2),Ligue 2,1X2_DRAW,Draw,0.24851364847346372,0,,2026-08-22,Saint-Ã‰tienne_v_Grenoble_Ligue_2_1X2_DRAW_2026-08-22,NO DATA,False,NO DATA — PENDING,,,,football-data.co.uk (no data),,False
Saint-Ã‰tienne v Grenoble (Ligue 2),Ligue 2,1X2_AWAY,Away Win,0.15220389774788443,0,,2026-08-22,Saint-Ã‰tienne_v_Grenoble_Ligue_2_1X2_AWAY_2026-08-22,NO DATA,False,NO DATA — PENDING,,,,football-data.co.uk (no data),,False
Everton v Crystal Palace (Premier League),Premier League,1X2_HOME,Home Win,0.43764997951950635,0,Bet365,2026-08-22,Everton_v_Crystal_Palace_Premier_League_1X2_HOME_2026-08-22,NO DATA,False,NO DATA — PENDING,,,,football-data.co.uk (no data),,False
Everton v Crystal Palace (Premier League),Premier League,1X2_DRAW,Draw,0.3225092537778036,0,Bet365,2026-08-22,Everton_v_Crystal_Palace_Premier_League_1X2_DRAW_2026-08-22,NO DATA,False,NO DATA — PENDING,,,,football-data.co.uk (no data),,False
Everton v Crystal Palace (Premier League),Premier League,1X2_AWAY,Away Win,0.23984076670268994,0,Bet365,2026-08-22,Everton_v_Crystal_Palace_Premier_League_1X2_AWAY_2026-08-22,NO DATA,False,NO DATA — PENDING,,,,football-data.co.uk (no data),,False
Everton v Crystal Palace (Premier League),Premier League,OVER_1_5,Over 1.5,0.6764940081443248,0,Bet365,2026-08-22,Everton_v_Crystal_Palace_Premier_League_OVER_1_5_2026-08-22,NO DATA,False,NO DATA — PENDING,,,,football-data.co.uk (no data),,False
Everton v Crystal Palace (Premier League),Premier League,OVER_2_5,Over 2.5,0.3885146589192721,0,Bet365,2026-08-22,Everton_v_Crystal_Palace_Premier_League_OVER_2_5_2026-08-22,NO DATA,False,NO DATA — PENDING,,,,football-data.co.uk (no data),,False
Everton v Crystal Palace (Premier League),Premier League,OVER_3_5,Over 3.5,0.18896015524705137,0,Bet365,2026-08-22,Everton_v_Crystal_Palace_Premier_League_OVER_3_5_2026-08-22,NO DATA,False,NO DATA — PENDING,,,,football-data.co.uk (no data),,False
Everton v Crystal Palace (Premier League),Premier League,BTTS_YES,BTTS Yes,0.46226465184112975,0,Bet365,2026-08-22,Everton_v_Crystal_Palace_Premier_League_BTTS_YES_2026-08-22,NO DATA,False,NO DATA — PENDING,,,,football-data.co.uk (no data),,False
Everton v Crystal Palace (Premier League),Premier League,BTTS_NO,BTTS No,0.5377353481588703,0,Bet365,2026-08-22,Everton_v_Crystal_Palace_Premier_League_BTTS_NO_2026-08-22,NO DATA,False,NO DATA — PENDING,,,,football-data.co.uk (no data),,False
Ipswich v Sunderland (Premier League),Premier League,1X2_HOME,Home Win,0.3021394640507088,0,Bet365,2026-08-22,Ipswich_v_Sunderland_Premier_League_1X2_HOME_2026-08-22,NO DATA,False,NO DATA — PENDING,,,,football-data.co.uk (no data),,False
Ipswich v Sunderland (Premier League),Premier League,1X2_DRAW,Draw,0.3069260794236698,0,Bet365,2026-08-22,Ipswich_v_Sunderland_Premier_League_1X2_DRAW_2026-08-22,NO DATA,False,NO DATA — PENDING,,,,football-data.co.uk (no data),,False
Ipswich v Sunderland (Premier League),Premier League,1X2_AWAY,Away Win,0.3909344565256214,0,Bet365,2026-08-22,Ipswich_v_Sunderland_Premier_League_1X2_AWAY_2026-08-22,NO DATA,False,NO DATA — PENDING,,,,football-data.co.uk (no data),,False
Brentford v Tottenham (Premier League),Premier League,1X2_HOME,Home Win,0.5025275495172985,0,Bet365,2026-08-22,Brentford_v_Tottenham_Premier_League_1X2_HOME_2026-08-22,NO DATA,False,NO DATA — PENDING,,,,football-data.co.uk (no data),,False
Brentford v Tottenham (Premier League),Premier League,1X2_DRAW,Draw,0.27112720438241805,0,Bet365,2026-08-22,Brentford_v_Tottenham_Premier_League_1X2_DRAW_2026-08-22,NO DATA,False,NO DATA — PENDING,,,,football-data.co.uk (no data),,False
Brentford v Tottenham (Premier League),Premier League,1X2_AWAY,Away Win,0.22634524610028334,0,Bet365,2026-08-22,Brentford_v_Tottenham_Premier_League_1X2_AWAY_2026-08-22,NO DATA,False,NO DATA — PENDING,,,,football-data.co.uk (no data),,False
Brentford v Tottenham (Premier League),Premier League,OVER_1_5,Over 1.5,0.8008382751106683,0,Bet365,2026-08-22,Brentford_v_Tottenham_Premier_League_OVER_1_5_2026-08-22,NO DATA,False,NO DATA — PENDING,,,,football-data.co.uk (no data),,False
Brentford v Tottenham (Premier League),Premier League,OVER_2_5,Over 2.5,0.5503902563470426,0,Bet365,2026-08-22,Brentford_v_Tottenham_Premier_League_OVER_2_5_2026-08-22,NO DATA,False,NO DATA — PENDING,,,,football-data.co.uk (no data),,False
Brentford v Tottenham (Premier League),Premier League,OVER_3_5,Over 3.5,0.32686054883244964,0,Bet365,2026-08-22,Brentford_v_Tottenham_Premier_League_OVER_3_5_2026-08-22,NO DATA,False,NO DATA — PENDING,,,,football-data.co.uk (no data),,False
Brentford v Tottenham (Premier League),Premier League,BTTS_YES,BTTS Yes,0.5775947284200053,0,Bet365,2026-08-22,Brentford_v_Tottenham_Premier_League_BTTS_YES_2026-08-22,NO DATA,False,NO DATA — PENDING,,,,football-data.co.uk (no data),,False
Brentford v Tottenham (Premier League),Premier League,BTTS_NO,BTTS No,0.42240527157999475,0,Bet365,2026-08-22,Brentford_v_Tottenham_Premier_League_BTTS_NO_2026-08-22,NO DATA,False,NO DATA — PENDING,,,,football-data.co.uk (no data),,False
Nott'm Forest v Leeds (Premier League),Premier League,1X2_HOME,Home Win,0.4335508237317419,0,,2026-08-22,Nott'm_Forest_v_Leeds_Premier_League_1X2_HOME_2026-08-22,NO DATA,False,NO DATA — PENDING,,,,football-data.co.uk (no data),,False
Nott'm Forest v Leeds (Premier League),Premier League,1X2_DRAW,Draw,0.2967140411523939,0,,2026-08-22,Nott'm_Forest_v_Leeds_Premier_League_1X2_DRAW_2026-08-22,NO DATA,False,NO DATA — PENDING,,,,football-data.co.uk (no data),,False
Nott'm Forest v Leeds (Premier League),Premier League,1X2_AWAY,Away Win,0.269735135115864,0,,2026-08-22,Nott'm_Forest_v_Leeds_Premier_League_1X2_AWAY_2026-08-22,NO DATA,False,NO DATA — PENDING,,,,football-data.co.uk (no data),,False
Nott'm Forest v Leeds (Premier League),Premier League,OVER_1_5,Over 1.5,0.7590241798904527,0,,2026-08-22,Nott'm_Forest_v_Leeds_Premier_League_OVER_1_5_2026-08-22,NO DATA,False,NO DATA — PENDING,,,,football-data.co.uk (no data),,False
Nott'm Forest v Leeds (Premier League),Premier League,OVER_2_5,Over 2.5,0.4901997732246383,0,,2026-08-22,Nott'm_Forest_v_Leeds_Premier_League_OVER_2_5_2026-08-22,NO DATA,False,NO DATA — PENDING,,,,football-data.co.uk (no data),,False
Nott'm Forest v Leeds (Premier League),Premier League,OVER_3_5,Over 3.5,0.27152653517022085,0,,2026-08-22,Nott'm_Forest_v_Leeds_Premier_League_OVER_3_5_2026-08-22,NO DATA,False,NO DATA — PENDING,,,,football-data.co.uk (no data),,False
Nott'm Forest v Leeds (Premier League),Premier League,BTTS_YES,BTTS Yes,0.547440425918108,0,,2026-08-22,Nott'm_Forest_v_Leeds_Premier_League_BTTS_YES_2026-08-22,NO DATA,False,NO DATA — PENDING,,,,football-data.co.uk (no data),,False
Nott'm Forest v Leeds (Premier League),Premier League,BTTS_NO,BTTS No,0.45255957408189196,0,,2026-08-22,Nott'm_Forest_v_Leeds_Premier_League_BTTS_NO_2026-08-22,NO DATA,False,NO DATA — PENDING,,,,football-data.co.uk (no data),,False
Estoril v Rio Ave (Primeira Liga),Primeira Liga,1X2_HOME,Home Win,0.6118951420511196,0,Bet365,2026-08-22,Estoril_v_Rio_Ave_Primeira_Liga_1X2_HOME_2026-08-22,NO DATA,False,NO DATA — PENDING,,,,football-data.co.uk (no data),,False
Estoril v Rio Ave (Primeira Liga),Primeira Liga,1X2_DRAW,Draw,0.19823011728286474,0,Bet365,2026-08-22,Estoril_v_Rio_Ave_Primeira_Liga_1X2_DRAW_2026-08-22,NO DATA,False,NO DATA — PENDING,,,,football-data.co.uk (no data),,False
Estoril v Rio Ave (Primeira Liga),Primeira Liga,1X2_AWAY,Away Win,0.18987474066601565,0,Bet365,2026-08-22,Estoril_v_Rio_Ave_Primeira_Liga_1X2_AWAY_2026-08-22,NO DATA,False,NO DATA — PENDING,,,,football-data.co.uk (no data),,False
Estoril v Rio Ave (Primeira Liga),Primeira Liga,OVER_1_5,Over 1.5,0.854335661354158,0,Bet365,2026-08-22,Estoril_v_Rio_Ave_Primeira_Liga_OVER_1_5_2026-08-22,NO DATA,False,NO DATA — PENDING,,,,football-data.co.uk (no data),,False
Estoril v Rio Ave (Primeira Liga),Primeira Liga,OVER_2_5,Over 2.5,0.6610066721194673,0,Bet365,2026-08-22,Estoril_v_Rio_Ave_Primeira_Liga_OVER_2_5_2026-08-22,NO DATA,False,NO DATA — PENDING,,,,football-data.co.uk (no data),,False
Estoril v Rio Ave (Primeira Liga),Primeira Liga,OVER_3_5,Over 3.5,0.4424856469637503,0,Bet365,2026-08-22,Estoril_v_Rio_Ave_Primeira_Liga_OVER_3_5_2026-08-22,NO DATA,False,NO DATA — PENDING,,,,football-data.co.uk (no data),,False
Estoril v Rio Ave (Primeira Liga),Primeira Liga,BTTS_YES,BTTS Yes,0.6171950872800103,0,Bet365,2026-08-22,Estoril_v_Rio_Ave_Primeira_Liga_BTTS_YES_2026-08-22,NO DATA,False,NO DATA — PENDING,,,,football-data.co.uk (no data),,False
Estoril v Rio Ave (Primeira Liga),Primeira Liga,BTTS_NO,BTTS No,0.38280491271998973,0,Bet365,2026-08-22,Estoril_v_Rio_Ave_Primeira_Liga_BTTS_NO_2026-08-22,NO DATA,False,NO DATA — PENDING,,,,football-data.co.uk (no data),,False
Sporting v Alverca (Primeira Liga),Primeira Liga,1X2_HOME,Home Win,0.8368141512963344,1.25,SportyBet Nigeria,2026-08-22,Sporting_v_Alverca_Primeira_Liga_1X2_HOME_2026-08-22,NO DATA,False,NO DATA — PENDING,,,,football-data.co.uk (no data),,False
Sporting v Alverca (Primeira Liga),Primeira Liga,1X2_DRAW,Draw,0.15150023700892531,0,SportyBet Nigeria,2026-08-22,Sporting_v_Alverca_Primeira_Liga_1X2_DRAW_2026-08-22,NO DATA,False,NO DATA — PENDING,,,,football-data.co.uk (no data),,False
Sporting v Alverca (Primeira Liga),Primeira Liga,1X2_AWAY,Away Win,0.011685611694740215,0,SportyBet Nigeria,2026-08-22,Sporting_v_Alverca_Primeira_Liga_1X2_AWAY_2026-08-22,NO DATA,False,NO DATA — PENDING,,,,football-data.co.uk (no data),,False
Fakel v FC Orenburg (Russian Premier League),Russian Premier League,1X2_HOME,Home Win,0.2569291297574373,0,Marathonbet,2026-08-22,Fakel_v_FC_Orenburg_Russian_Premier_League_1X2_HOME_2026-08-22,NO DATA,False,NO DATA — PENDING,,,,football-data.co.uk (no data),,False
Fakel v FC Orenburg (Russian Premier League),Russian Premier League,1X2_DRAW,Draw,0.42861762490062155,0,Marathonbet,2026-08-22,Fakel_v_FC_Orenburg_Russian_Premier_League_1X2_DRAW_2026-08-22,NO DATA,False,NO DATA — PENDING,,,,football-data.co.uk (no data),,False
Fakel v FC Orenburg (Russian Premier League),Russian Premier League,1X2_AWAY,Away Win,0.3144532453419411,0,Marathonbet,2026-08-22,Fakel_v_FC_Orenburg_Russian_Premier_League_1X2_AWAY_2026-08-22,NO DATA,False,NO DATA — PENDING,,,,football-data.co.uk (no data),,False
Fakel v FC Orenburg (Russian Premier League),Russian Premier League,OVER_1_5,Over 1.5,0.49605788074591134,0,Marathonbet,2026-08-22,Fakel_v_FC_Orenburg_Russian_Premier_League_OVER_1_5_2026-08-22,NO DATA,False,NO DATA — PENDING,,,,football-data.co.uk (no data),,False
Fakel v FC Orenburg (Russian Premier League),Russian Premier League,OVER_2_5,Over 2.5,0.205552866134855,0,Marathonbet,2026-08-22,Fakel_v_FC_Orenburg_Russian_Premier_League_OVER_2_5_2026-08-22,NO DATA,False,NO DATA — PENDING,,,,football-data.co.uk (no data),,False
Fakel v FC Orenburg (Russian Premier League),Russian Premier League,OVER_3_5,Over 3.5,0.07297913645092732,0,Marathonbet,2026-08-22,Fakel_v_FC_Orenburg_Russian_Premier_League_OVER_3_5_2026-08-22,NO DATA,False,NO DATA — PENDING,,,,football-data.co.uk (no data),,False
Fakel v FC Orenburg (Russian Premier League),Russian Premier League,BTTS_YES,BTTS Yes,0.32644427385507,0,Marathonbet,2026-08-22,Fakel_v_FC_Orenburg_Russian_Premier_League_BTTS_YES_2026-08-22,NO DATA,False,NO DATA — PENDING,,,,football-data.co.uk (no data),,False
Fakel v FC Orenburg (Russian Premier League),Russian Premier League,BTTS_NO,BTTS No,0.67355572614493,0,Marathonbet,2026-08-22,Fakel_v_FC_Orenburg_Russian_Premier_League_BTTS_NO_2026-08-22,NO DATA,False,NO DATA — PENDING,,,,football-data.co.uk (no data),,False
Akhmat v FC Rostov (Russian Premier League),Russian Premier League,1X2_HOME,Home Win,0.269667750368512,0,Marathonbet,2026-08-22,Akhmat_v_FC_Rostov_Russian_Premier_League_1X2_HOME_2026-08-22,NO DATA,False,NO DATA — PENDING,,,,football-data.co.uk (no data),,False
Akhmat v FC Rostov (Russian Premier League),Russian Premier League,1X2_DRAW,Draw,0.33298032851076526,0,Marathonbet,2026-08-22,Akhmat_v_FC_Rostov_Russian_Premier_League_1X2_DRAW_2026-08-22,NO DATA,False,NO DATA — PENDING,,,,football-data.co.uk (no data),,False
Akhmat v FC Rostov (Russian Premier League),Russian Premier League,1X2_AWAY,Away Win,0.39735192112072293,0,Marathonbet,2026-08-22,Akhmat_v_FC_Rostov_Russian_Premier_League_1X2_AWAY_2026-08-22,NO DATA,False,NO DATA — PENDING,,,,football-data.co.uk (no data),,False
Akhmat v FC Rostov (Russian Premier League),Russian Premier League,OVER_1_5,Over 1.5,0.7577117864053071,0,Marathonbet,2026-08-22,Akhmat_v_FC_Rostov_Russian_Premier_League_OVER_1_5_2026-08-22,NO DATA,False,NO DATA — PENDING,,,,football-data.co.uk (no data),,False
Akhmat v FC Rostov (Russian Premier League),Russian Premier League,OVER_2_5,Over 2.5,0.46938927541805053,0,Marathonbet,2026-08-22,Akhmat_v_FC_Rostov_Russian_Premier_League_OVER_2_5_2026-08-22,NO DATA,False,NO DATA — PENDING,,,,football-data.co.uk (no data),,False
Akhmat v FC Rostov (Russian Premier League),Russian Premier League,OVER_3_5,Over 3.5,0.2535394073537335,0,Marathonbet,2026-08-22,Akhmat_v_FC_Rostov_Russian_Premier_League_OVER_3_5_2026-08-22,NO DATA,False,NO DATA — PENDING,,,,football-data.co.uk (no data),,False
Akhmat v FC Rostov (Russian Premier League),Russian Premier League,BTTS_YES,BTTS Yes,0.5489863620719186,1.89,Marathonbet,2026-08-22,Akhmat_v_FC_Rostov_Russian_Premier_League_BTTS_YES_2026-08-22,NO DATA,False,NO DATA — PENDING,,,,football-data.co.uk (no data),,False
Akhmat v FC Rostov (Russian Premier League),Russian Premier League,BTTS_NO,BTTS No,0.45101363792808136,0,Marathonbet,2026-08-22,Akhmat_v_FC_Rostov_Russian_Premier_League_BTTS_NO_2026-08-22,NO DATA,False,NO DATA — PENDING,,,,football-data.co.uk (no data),,False
CSKA Moscow v Lokomotiv (Russian Premier League),Russian Premier League,1X2_HOME,Home Win,0.5628805119455593,0,Marathonbet,2026-08-22,CSKA_Moscow_v_Lokomotiv_Russian_Premier_League_1X2_HOME_2026-08-22,NO DATA,False,NO DATA — PENDING,,,,football-data.co.uk (no data),,False
CSKA Moscow v Lokomotiv (Russian Premier League),Russian Premier League,1X2_DRAW,Draw,0.3001957209934094,0,Marathonbet,2026-08-22,CSKA_Moscow_v_Lokomotiv_Russian_Premier_League_1X2_DRAW_2026-08-22,NO DATA,False,NO DATA — PENDING,,,,football-data.co.uk (no data),,False
CSKA Moscow v Lokomotiv (Russian Premier League),Russian Premier League,1X2_AWAY,Away Win,0.1369237670610313,0,Marathonbet,2026-08-22,CSKA_Moscow_v_Lokomotiv_Russian_Premier_League_1X2_AWAY_2026-08-22,NO DATA,False,NO DATA — PENDING,,,,football-data.co.uk (no data),,False
CSKA Moscow v Lokomotiv (Russian Premier League),Russian Premier League,OVER_1_5,Over 1.5,0.7332037849722862,0,Marathonbet,2026-08-22,CSKA_Moscow_v_Lokomotiv_Russian_Premier_League_OVER_1_5_2026-08-22,NO DATA,False,NO DATA — PENDING,,,,football-data.co.uk (no data),,False
CSKA Moscow v Lokomotiv (Russian Premier League),Russian Premier League,OVER_2_5,Over 2.5,0.44363489351150937,0,Marathonbet,2026-08-22,CSKA_Moscow_v_Lokomotiv_Russian_Premier_League_OVER_2_5_2026-08-22,NO DATA,False,NO DATA — PENDING,,,,football-data.co.uk (no data),,False
CSKA Moscow v Lokomotiv (Russian Premier League),Russian Premier League,OVER_3_5,Over 3.5,0.23206538899565088,0,Marathonbet,2026-08-22,CSKA_Moscow_v_Lokomotiv_Russian_Premier_League_OVER_3_5_2026-08-22,NO DATA,False,NO DATA — PENDING,,,,football-data.co.uk (no data),,False
CSKA Moscow v Lokomotiv (Russian Premier League),Russian Premier League,BTTS_YES,BTTS Yes,0.4665293004685217,0,Marathonbet,2026-08-22,CSKA_Moscow_v_Lokomotiv_Russian_Premier_League_BTTS_YES_2026-08-22,NO DATA,False,NO DATA — PENDING,,,,football-data.co.uk (no data),,False
CSKA Moscow v Lokomotiv (Russian Premier League),Russian Premier League,BTTS_NO,BTTS No,0.5334706995314783,0,Marathonbet,2026-08-22,CSKA_Moscow_v_Lokomotiv_Russian_Premier_League_BTTS_NO_2026-08-22,NO DATA,False,NO DATA — PENDING,,,,football-data.co.uk (no data),,False
Rangers v ST Mirren (Scottish Premiership),Scottish Premiership,1X2_HOME,Home Win,0.7802062196426097,0,Marathonbet,2026-08-22,Rangers_v_ST_Mirren_Scottish_Premiership_1X2_HOME_2026-08-22,NO DATA,False,NO DATA — PENDING,,,,football-data.co.uk (no data),,False
Rangers v ST Mirren (Scottish Premiership),Scottish Premiership,1X2_DRAW,Draw,0.19047126515878582,0,Marathonbet,2026-08-22,Rangers_v_ST_Mirren_Scottish_Premiership_1X2_DRAW_2026-08-22,NO DATA,False,NO DATA — PENDING,,,,football-data.co.uk (no data),,False
Rangers v ST Mirren (Scottish Premiership),Scottish Premiership,1X2_AWAY,Away Win,0.02932251519860446,0,Marathonbet,2026-08-22,Rangers_v_ST_Mirren_Scottish_Premiership_1X2_AWAY_2026-08-22,NO DATA,False,NO DATA — PENDING,,,,football-data.co.uk (no data),,False
ST Johnstone v Celtic (Scottish Premiership),Scottish Premiership,1X2_HOME,Home Win,0.05178179903576008,0,William Hill,2026-08-22,ST_Johnstone_v_Celtic_Scottish_Premiership_1X2_HOME_2026-08-22,NO DATA,False,NO DATA — PENDING,,,,football-data.co.uk (no data),,False
ST Johnstone v Celtic (Scottish Premiership),Scottish Premiership,1X2_DRAW,Draw,0.2032963808287127,0,William Hill,2026-08-22,ST_Johnstone_v_Celtic_Scottish_Premiership_1X2_DRAW_2026-08-22,NO DATA,False,NO DATA — PENDING,,,,football-data.co.uk (no data),,False
ST Johnstone v Celtic (Scottish Premiership),Scottish Premiership,1X2_AWAY,Away Win,0.7449218201355272,0,William Hill,2026-08-22,ST_Johnstone_v_Celtic_Scottish_Premiership_1X2_AWAY_2026-08-22,NO DATA,False,NO DATA — PENDING,,,,football-data.co.uk (no data),,False
Dundee United v Dundee (Scottish Premiership),Scottish Premiership,1X2_HOME,Home Win,0.5004493602094154,0,,2026-08-22,Dundee_United_v_Dundee_Scottish_Premiership_1X2_HOME_2026-08-22,NO DATA,False,NO DATA — PENDING,,,,football-data.co.uk (no data),,False
Dundee United v Dundee (Scottish Premiership),Scottish Premiership,1X2_DRAW,Draw,0.2679104633823606,0,,2026-08-22,Dundee_United_v_Dundee_Scottish_Premiership_1X2_DRAW_2026-08-22,NO DATA,False,NO DATA — PENDING,,,,football-data.co.uk (no data),,False
Dundee United v Dundee (Scottish Premiership),Scottish Premiership,1X2_AWAY,Away Win,0.23164017640822399,0,,2026-08-22,Dundee_United_v_Dundee_Scottish_Premiership_1X2_AWAY_2026-08-22,NO DATA,False,NO DATA — PENDING,,,,football-data.co.uk (no data),,False
Dundee United v Dundee (Scottish Premiership),Scottish Premiership,OVER_1_5,Over 1.5,0.7784549588924242,0,,2026-08-22,Dundee_United_v_Dundee_Scottish_Premiership_OVER_1_5_2026-08-22,NO DATA,False,NO DATA — PENDING,,,,football-data.co.uk (no data),,False
Dundee United v Dundee (Scottish Premiership),Scottish Premiership,OVER_2_5,Over 2.5,0.5252126649842256,0,,2026-08-22,Dundee_United_v_Dundee_Scottish_Premiership_OVER_2_5_2026-08-22,NO DATA,False,NO DATA — PENDING,,,,football-data.co.uk (no data),,False
Dundee United v Dundee (Scottish Premiership),Scottish Premiership,OVER_3_5,Over 3.5,0.3031038945171977,0,,2026-08-22,Dundee_United_v_Dundee_Scottish_Premiership_OVER_3_5_2026-08-22,NO DATA,False,NO DATA — PENDING,,,,football-data.co.uk (no data),,False
Dundee United v Dundee (Scottish Premiership),Scottish Premiership,BTTS_YES,BTTS Yes,0.5542554513566245,0,,2026-08-22,Dundee_United_v_Dundee_Scottish_Premiership_BTTS_YES_2026-08-22,NO DATA,False,NO DATA — PENDING,,,,football-data.co.uk (no data),,False
Dundee United v Dundee (Scottish Premiership),Scottish Premiership,BTTS_NO,BTTS No,0.44574454864337554,0,,2026-08-22,Dundee_United_v_Dundee_Scottish_Premiership_BTTS_NO_2026-08-22,NO DATA,False,NO DATA — PENDING,,,,football-data.co.uk (no data),,False
Udinese v Como (Serie A),Serie A,1X2_HOME,Home Win,0.18102289271534394,0,Bet365,2026-08-22,Udinese_v_Como_Serie_A_1X2_HOME_2026-08-22,NO DATA,False,NO DATA — PENDING,,,,football-data.co.uk (no data),,False
Udinese v Como (Serie A),Serie A,1X2_DRAW,Draw,0.239914438385534,0,Bet365,2026-08-22,Udinese_v_Como_Serie_A_1X2_DRAW_2026-08-22,NO DATA,False,NO DATA — PENDING,,,,football-data.co.uk (no data),,False
Udinese v Como (Serie A),Serie A,1X2_AWAY,Away Win,0.5790626688991218,0,Bet365,2026-08-22,Udinese_v_Como_Serie_A_1X2_AWAY_2026-08-22,NO DATA,False,NO DATA — PENDING,,,,football-data.co.uk (no data),,False
Udinese v Como (Serie A),Serie A,OVER_1_5,Over 1.5,0.7038815576813171,0,Bet365,2026-08-22,Udinese_v_Como_Serie_A_OVER_1_5_2026-08-22,NO DATA,False,NO DATA — PENDING,,,,football-data.co.uk (no data),,False
Udinese v Como (Serie A),Serie A,OVER_2_5,Over 2.5,0.44691196186841753,0,Bet365,2026-08-22,Udinese_v_Como_Serie_A_OVER_2_5_2026-08-22,NO DATA,False,NO DATA — PENDING,,,,football-data.co.uk (no data),,False
Udinese v Como (Serie A),Serie A,OVER_3_5,Over 3.5,0.23475007132349865,0,Bet365,2026-08-22,Udinese_v_Como_Serie_A_OVER_3_5_2026-08-22,NO DATA,False,NO DATA — PENDING,,,,football-data.co.uk (no data),,False
Udinese v Como (Serie A),Serie A,BTTS_YES,BTTS Yes,0.4459422370587811,0,Bet365,2026-08-22,Udinese_v_Como_Serie_A_BTTS_YES_2026-08-22,NO DATA,False,NO DATA — PENDING,,,,football-data.co.uk (no data),,False
Udinese v Como (Serie A),Serie A,BTTS_NO,BTTS No,0.5540577629412189,0,Bet365,2026-08-22,Udinese_v_Como_Serie_A_BTTS_NO_2026-08-22,NO DATA,False,NO DATA — PENDING,,,,football-data.co.uk (no data),,False
Inter v Monza (Serie A),Serie A,1X2_HOME,Home Win,0.8565330267448714,0,Bet365,2026-08-22,Inter_v_Monza_Serie_A_1X2_HOME_2026-08-22,NO DATA,False,NO DATA — PENDING,,,,football-data.co.uk (no data),,False
Inter v Monza (Serie A),Serie A,1X2_DRAW,Draw,0.10894676153428272,0,Bet365,2026-08-22,Inter_v_Monza_Serie_A_1X2_DRAW_2026-08-22,NO DATA,False,NO DATA — PENDING,,,,football-data.co.uk (no data),,False
Inter v Monza (Serie A),Serie A,1X2_AWAY,Away Win,0.03452021172084585,0,Bet365,2026-08-22,Inter_v_Monza_Serie_A_1X2_AWAY_2026-08-22,NO DATA,False,NO DATA — PENDING,,,,football-data.co.uk (no data),,False
Inter v Monza (Serie A),Serie A,OVER_1_5,Over 1.5,0.8690096987998392,0,Bet365,2026-08-22,Inter_v_Monza_Serie_A_OVER_1_5_2026-08-22,NO DATA,False,NO DATA — PENDING,,,,football-data.co.uk (no data),,False
Inter v Monza (Serie A),Serie A,OVER_2_5,Over 2.5,0.6789234836500321,0,Bet365,2026-08-22,Inter_v_Monza_Serie_A_OVER_2_5_2026-08-22,NO DATA,False,NO DATA — PENDING,,,,football-data.co.uk (no data),,False
Inter v Monza (Serie A),Serie A,OVER_3_5,Over 3.5,0.46305524649355545,0,Bet365,2026-08-22,Inter_v_Monza_Serie_A_OVER_3_5_2026-08-22,NO DATA,False,NO DATA — PENDING,,,,football-data.co.uk (no data),,False
Inter v Monza (Serie A),Serie A,BTTS_YES,BTTS Yes,0.39087900985825097,0,Bet365,2026-08-22,Inter_v_Monza_Serie_A_BTTS_YES_2026-08-22,NO DATA,False,NO DATA — PENDING,,,,football-data.co.uk (no data),,False
Inter v Monza (Serie A),Serie A,BTTS_NO,BTTS No,0.609120990141749,1.57,Bet365,2026-08-22,Inter_v_Monza_Serie_A_BTTS_NO_2026-08-22,NO DATA,False,NO DATA — PENDING,,,,football-data.co.uk (no data),,False
Genoa v Napoli (Serie A),Serie A,1X2_HOME,Home Win,0.2175978620459425,0,Bet365,2026-08-22,Genoa_v_Napoli_Serie_A_1X2_HOME_2026-08-22,NO DATA,False,NO DATA — PENDING,,,,football-data.co.uk (no data),,False
Genoa v Napoli (Serie A),Serie A,1X2_DRAW,Draw,0.2499819587239871,0,Bet365,2026-08-22,Genoa_v_Napoli_Serie_A_1X2_DRAW_2026-08-22,NO DATA,False,NO DATA — PENDING,,,,football-data.co.uk (no data),,False
Genoa v Napoli (Serie A),Serie A,1X2_AWAY,Away Win,0.5324201792300707,0,Bet365,2026-08-22,Genoa_v_Napoli_Serie_A_1X2_AWAY_2026-08-22,NO DATA,False,NO DATA — PENDING,,,,football-data.co.uk (no data),,False
Genoa v Napoli (Serie A),Serie A,OVER_1_5,Over 1.5,0.7076102921639263,0,Bet365,2026-08-22,Genoa_v_Napoli_Serie_A_OVER_1_5_2026-08-22,NO DATA,False,NO DATA — PENDING,,,,football-data.co.uk (no data),,False
Genoa v Napoli (Serie A),Serie A,OVER_2_5,Over 2.5,0.4516071722754639,0,Bet365,2026-08-22,Genoa_v_Napoli_Serie_A_OVER_2_5_2026-08-22,NO DATA,False,NO DATA — PENDING,,,,football-data.co.uk (no data),,False
Genoa v Napoli (Serie A),Serie A,OVER_3_5,Over 3.5,0.23862077615039629,0,Bet365,2026-08-22,Genoa_v_Napoli_Serie_A_OVER_3_5_2026-08-22,NO DATA,False,NO DATA — PENDING,,,,football-data.co.uk (no data),,False
Genoa v Napoli (Serie A),Serie A,BTTS_YES,BTTS Yes,0.4711086477139036,0,Bet365,2026-08-22,Genoa_v_Napoli_Serie_A_BTTS_YES_2026-08-22,NO DATA,False,NO DATA — PENDING,,,,football-data.co.uk (no data),,False
Genoa v Napoli (Serie A),Serie A,BTTS_NO,BTTS No,0.5288913522860964,0,Bet365,2026-08-22,Genoa_v_Napoli_Serie_A_BTTS_NO_2026-08-22,NO DATA,False,NO DATA — PENDING,,,,football-data.co.uk (no data),,False
Parma v Cagliari (Serie A),Serie A,1X2_HOME,Home Win,0.3143771025633936,0,Bet365,2026-08-22,Parma_v_Cagliari_Serie_A_1X2_HOME_2026-08-22,NO DATA,False,NO DATA — PENDING,,,,football-data.co.uk (no data),,False
Parma v Cagliari (Serie A),Serie A,1X2_DRAW,Draw,0.317374084488667,0,Bet365,2026-08-22,Parma_v_Cagliari_Serie_A_1X2_DRAW_2026-08-22,NO DATA,False,NO DATA — PENDING,,,,football-data.co.uk (no data),,False
Parma v Cagliari (Serie A),Serie A,1X2_AWAY,Away Win,0.3682488129479395,0,Bet365,2026-08-22,Parma_v_Cagliari_Serie_A_1X2_AWAY_2026-08-22,NO DATA,False,NO DATA — PENDING,,,,football-data.co.uk (no data),,False
Parma v Cagliari (Serie A),Serie A,OVER_1_5,Over 1.5,0.5565921618853428,0,Bet365,2026-08-22,Parma_v_Cagliari_Serie_A_OVER_1_5_2026-08-22,NO DATA,False,NO DATA — PENDING,,,,football-data.co.uk (no data),,False
Parma v Cagliari (Serie A),Serie A,OVER_2_5,Over 2.5,0.28867538582601376,0,Bet365,2026-08-22,Parma_v_Cagliari_Serie_A_OVER_2_5_2026-08-22,NO DATA,False,NO DATA — PENDING,,,,football-data.co.uk (no data),,False
Parma v Cagliari (Serie A),Serie A,OVER_3_5,Over 3.5,0.12051746687824424,0,Bet365,2026-08-22,Parma_v_Cagliari_Serie_A_OVER_3_5_2026-08-22,NO DATA,False,NO DATA — PENDING,,,,football-data.co.uk (no data),,False
Parma v Cagliari (Serie A),Serie A,BTTS_YES,BTTS Yes,0.3668050534920215,0,Bet365,2026-08-22,Parma_v_Cagliari_Serie_A_BTTS_YES_2026-08-22,NO DATA,False,NO DATA — PENDING,,,,football-data.co.uk (no data),,False
Parma v Cagliari (Serie A),Serie A,BTTS_NO,BTTS No,0.6331949465079785,0,Bet365,2026-08-22,Parma_v_Cagliari_Serie_A_BTTS_NO_2026-08-22,NO DATA,False,NO DATA — PENDING,,,,football-data.co.uk (no data),,False
Udinese v Como 1907 (Serie A),Serie A,1X2_HOME,Home Win,0.1810229870493369,0,SportyBet Nigeria,2026-08-22,Udinese_v_Como_1907_Serie_A_1X2_HOME_2026-08-22,NO DATA,False,NO DATA — PENDING,,,,football-data.co.uk (no data),,False
Udinese v Como 1907 (Serie A),Serie A,1X2_DRAW,Draw,0.23991449203102147,0,SportyBet Nigeria,2026-08-22,Udinese_v_Como_1907_Serie_A_1X2_DRAW_2026-08-22,NO DATA,False,NO DATA — PENDING,,,,football-data.co.uk (no data),,False
Udinese v Como 1907 (Serie A),Serie A,1X2_AWAY,Away Win,0.5790625209196416,1.88,SportyBet Nigeria,2026-08-22,Udinese_v_Como_1907_Serie_A_1X2_AWAY_2026-08-22,NO DATA,False,NO DATA — PENDING,,,,football-data.co.uk (no data),,False
Udinese v Como 1907 (Serie A),Serie A,OVER_1_5,Over 1.5,0.7038814987716827,0,SportyBet Nigeria,2026-08-22,Udinese_v_Como_1907_Serie_A_OVER_1_5_2026-08-22,NO DATA,False,NO DATA — PENDING,,,,football-data.co.uk (no data),,False
Udinese v Como 1907 (Serie A),Serie A,OVER_2_5,Over 2.5,0.4469118896487499,0,SportyBet Nigeria,2026-08-22,Udinese_v_Como_1907_Serie_A_OVER_2_5_2026-08-22,NO DATA,False,NO DATA — PENDING,,,,football-data.co.uk (no data),,False
Udinese v Como 1907 (Serie A),Serie A,OVER_3_5,Over 3.5,0.23475001200886322,0,SportyBet Nigeria,2026-08-22,Udinese_v_Como_1907_Serie_A_OVER_3_5_2026-08-22,NO DATA,False,NO DATA — PENDING,,,,football-data.co.uk (no data),,False
Udinese v Como 1907 (Serie A),Serie A,BTTS_YES,BTTS Yes,0.445942248752382,0,SportyBet Nigeria,2026-08-22,Udinese_v_Como_1907_Serie_A_BTTS_YES_2026-08-22,NO DATA,False,NO DATA — PENDING,,,,football-data.co.uk (no data),,False
Udinese v Como 1907 (Serie A),Serie A,BTTS_NO,BTTS No,0.554057751247618,0,SportyBet Nigeria,2026-08-22,Udinese_v_Como_1907_Serie_A_BTTS_NO_2026-08-22,NO DATA,False,NO DATA — PENDING,,,,football-data.co.uk (no data),,False
FC Luzern v Lausanne (Swiss Super League),Swiss Super League,1X2_HOME,Home Win,0.48217515680777234,0,Bet365,2026-08-22,FC_Luzern_v_Lausanne_Swiss_Super_League_1X2_HOME_2026-08-22,NO DATA,False,NO DATA — PENDING,,,,football-data.co.uk (no data),,False
FC Luzern v Lausanne (Swiss Super League),Swiss Super League,1X2_DRAW,Draw,0.2813192118716154,0,Bet365,2026-08-22,FC_Luzern_v_Lausanne_Swiss_Super_League_1X2_DRAW_2026-08-22,NO DATA,False,NO DATA — PENDING,,,,football-data.co.uk (no data),,False
FC Luzern v Lausanne (Swiss Super League),Swiss Super League,1X2_AWAY,Away Win,0.23650563132061225,0,Bet365,2026-08-22,FC_Luzern_v_Lausanne_Swiss_Super_League_1X2_AWAY_2026-08-22,NO DATA,False,NO DATA — PENDING,,,,football-data.co.uk (no data),,False
Rizespor v Samsunspor (Turkish Super Lig),Turkish Super Lig,1X2_HOME,Home Win,0.32344212299400754,0,Bet365,2026-08-22,Rizespor_v_Samsunspor_Turkish_Super_Lig_1X2_HOME_2026-08-22,NO DATA,False,NO DATA — PENDING,,,,football-data.co.uk (no data),,False
Rizespor v Samsunspor (Turkish Super Lig),Turkish Super Lig,1X2_DRAW,Draw,0.2753124709636349,0,Bet365,2026-08-22,Rizespor_v_Samsunspor_Turkish_Super_Lig_1X2_DRAW_2026-08-22,NO DATA,False,NO DATA — PENDING,,,,football-data.co.uk (no data),,False
Rizespor v Samsunspor (Turkish Super Lig),Turkish Super Lig,1X2_AWAY,Away Win,0.4012454060423575,0,Bet365,2026-08-22,Rizespor_v_Samsunspor_Turkish_Super_Lig_1X2_AWAY_2026-08-22,NO DATA,False,NO DATA — PENDING,,,,football-data.co.uk (no data),,False
Rizespor v Samsunspor (Turkish Super Lig),Turkish Super Lig,OVER_1_5,Over 1.5,0.7612045755106884,1.25,Bet365,2026-08-22,Rizespor_v_Samsunspor_Turkish_Super_Lig_OVER_1_5_2026-08-22,NO DATA,False,NO DATA — PENDING,,,,football-data.co.uk (no data),,False
Rizespor v Samsunspor (Turkish Super Lig),Turkish Super Lig,OVER_2_5,Over 2.5,0.5072703523624299,0,Bet365,2026-08-22,Rizespor_v_Samsunspor_Turkish_Super_Lig_OVER_2_5_2026-08-22,NO DATA,False,NO DATA — PENDING,,,,football-data.co.uk (no data),,False
Rizespor v Samsunspor (Turkish Super Lig),Turkish Super Lig,OVER_3_5,Over 3.5,0.28671360202918317,0,Bet365,2026-08-22,Rizespor_v_Samsunspor_Turkish_Super_Lig_OVER_3_5_2026-08-22,NO DATA,False,NO DATA — PENDING,,,,football-data.co.uk (no data),,False
Rizespor v Samsunspor (Turkish Super Lig),Turkish Super Lig,BTTS_YES,BTTS Yes,0.5567776985475288,0,Bet365,2026-08-22,Rizespor_v_Samsunspor_Turkish_Super_Lig_BTTS_YES_2026-08-22,NO DATA,False,NO DATA — PENDING,,,,football-data.co.uk (no data),,False
Rizespor v Samsunspor (Turkish Super Lig),Turkish Super Lig,BTTS_NO,BTTS No,0.4432223014524712,0,Bet365,2026-08-22,Rizespor_v_Samsunspor_Turkish_Super_Lig_BTTS_NO_2026-08-22,NO DATA,False,NO DATA — PENDING,,,,football-data.co.uk (no data),,False
FenerbahÃ§e v Konyaspor (Turkish Super Lig),Turkish Super Lig,1X2_HOME,Home Win,0.7495010303718641,1.32,Bet365,2026-08-22,FenerbahÃ§e_v_Konyaspor_Turkish_Super_Lig_1X2_HOME_2026-08-22,NO DATA,False,NO DATA — PENDING,,,,football-data.co.uk (no data),,False
FenerbahÃ§e v Konyaspor (Turkish Super Lig),Turkish Super Lig,1X2_DRAW,Draw,0.15979979582367868,0,Bet365,2026-08-22,FenerbahÃ§e_v_Konyaspor_Turkish_Super_Lig_1X2_DRAW_2026-08-22,NO DATA,False,NO DATA — PENDING,,,,football-data.co.uk (no data),,False
FenerbahÃ§e v Konyaspor (Turkish Super Lig),Turkish Super Lig,1X2_AWAY,Away Win,0.09069917380445724,0,Bet365,2026-08-22,FenerbahÃ§e_v_Konyaspor_Turkish_Super_Lig_1X2_AWAY_2026-08-22,NO DATA,False,NO DATA — PENDING,,,,football-data.co.uk (no data),,False
FenerbahÃ§e v Konyaspor (Turkish Super Lig),Turkish Super Lig,OVER_1_5,Over 1.5,0.863916439157062,0,Bet365,2026-08-22,FenerbahÃ§e_v_Konyaspor_Turkish_Super_Lig_OVER_1_5_2026-08-22,NO DATA,False,NO DATA — PENDING,,,,football-data.co.uk (no data),,False
FenerbahÃ§e v Konyaspor (Turkish Super Lig),Turkish Super Lig,OVER_2_5,Over 2.5,0.6697184764581889,0,Bet365,2026-08-22,FenerbahÃ§e_v_Konyaspor_Turkish_Super_Lig_OVER_2_5_2026-08-22,NO DATA,False,NO DATA — PENDING,,,,football-data.co.uk (no data),,False
FenerbahÃ§e v Konyaspor (Turkish Super Lig),Turkish Super Lig,OVER_3_5,Over 3.5,0.45242491781903066,0,Bet365,2026-08-22,FenerbahÃ§e_v_Konyaspor_Turkish_Super_Lig_OVER_3_5_2026-08-22,NO DATA,False,NO DATA — PENDING,,,,football-data.co.uk (no data),,False
FenerbahÃ§e v Konyaspor (Turkish Super Lig),Turkish Super Lig,BTTS_YES,BTTS Yes,0.5295423795276244,0,Bet365,2026-08-22,FenerbahÃ§e_v_Konyaspor_Turkish_Super_Lig_BTTS_YES_2026-08-22,NO DATA,False,NO DATA — PENDING,,,,football-data.co.uk (no data),,False
FenerbahÃ§e v Konyaspor (Turkish Super Lig),Turkish Super Lig,BTTS_NO,BTTS No,0.4704576204723756,0,Bet365,2026-08-22,FenerbahÃ§e_v_Konyaspor_Turkish_Super_Lig_BTTS_NO_2026-08-22,NO DATA,False,NO DATA — PENDING,,,,football-data.co.uk (no data),,False
Fenerbahce v Konyaspor (Turkish Super Lig),Turkish Super Lig,1X2_HOME,Home Win,0.7669465788535188,1.32,SportyBet Nigeria,2026-08-22,Fenerbahce_v_Konyaspor_Turkish_Super_Lig_1X2_HOME_2026-08-22,NO DATA,False,NO DATA — PENDING,,,,football-data.co.uk (no data),,False
Fenerbahce v Konyaspor (Turkish Super Lig),Turkish Super Lig,1X2_DRAW,Draw,0.1954277266374804,0,SportyBet Nigeria,2026-08-22,Fenerbahce_v_Konyaspor_Turkish_Super_Lig_1X2_DRAW_2026-08-22,NO DATA,False,NO DATA — PENDING,,,,football-data.co.uk (no data),,False
Fenerbahce v Konyaspor (Turkish Super Lig),Turkish Super Lig,1X2_AWAY,Away Win,0.0376256945090008,0,SportyBet Nigeria,2026-08-22,Fenerbahce_v_Konyaspor_Turkish_Super_Lig_1X2_AWAY_2026-08-22,NO DATA,False,NO DATA — PENDING,,,,football-data.co.uk (no data),,False
Antwerp v Genk (Belgian Pro League),Belgian Pro League,1X2_HOME,Home Win,0.34520033210247797,0,Bet365,2026-08-22,Antwerp_v_Genk_Belgian_Pro_League_1X2_HOME_2026-08-22,NO DATA,False,NO DATA — PENDING,,,,football-data.co.uk (no data),,False
Antwerp v Genk (Belgian Pro League),Belgian Pro League,1X2_DRAW,Draw,0.294765191890554,0,Bet365,2026-08-22,Antwerp_v_Genk_Belgian_Pro_League_1X2_DRAW_2026-08-22,NO DATA,False,NO DATA — PENDING,,,,football-data.co.uk (no data),,False
Antwerp v Genk (Belgian Pro League),Belgian Pro League,1X2_AWAY,Away Win,0.3600344760069682,0,Bet365,2026-08-22,Antwerp_v_Genk_Belgian_Pro_League_1X2_AWAY_2026-08-22,NO DATA,False,NO DATA — PENDING,,,,football-data.co.uk (no data),,False
Antwerp v Genk (Belgian Pro League),Belgian Pro League,OVER_1_5,Over 1.5,0.6954547372917326,0,Bet365,2026-08-22,Antwerp_v_Genk_Belgian_Pro_League_OVER_1_5_2026-08-22,NO DATA,False,NO DATA — PENDING,,,,football-data.co.uk (no data),,False
Antwerp v Genk (Belgian Pro League),Belgian Pro League,OVER_2_5,Over 2.5,0.4249238738295679,0,Bet365,2026-08-22,Antwerp_v_Genk_Belgian_Pro_League_OVER_2_5_2026-08-22,NO DATA,False,NO DATA — PENDING,,,,football-data.co.uk (no data),,False
Antwerp v Genk (Belgian Pro League),Belgian Pro League,OVER_3_5,Over 3.5,0.21700150455377518,0,Bet365,2026-08-22,Antwerp_v_Genk_Belgian_Pro_League_OVER_3_5_2026-08-22,NO DATA,False,NO DATA — PENDING,,,,football-data.co.uk (no data),,False
Antwerp v Genk (Belgian Pro League),Belgian Pro League,BTTS_YES,BTTS Yes,0.49231751220798736,0,Bet365,2026-08-22,Antwerp_v_Genk_Belgian_Pro_League_BTTS_YES_2026-08-22,NO DATA,False,NO DATA — PENDING,,,,football-data.co.uk (no data),,False
Antwerp v Genk (Belgian Pro League),Belgian Pro League,BTTS_NO,BTTS No,0.5076824877920126,0,Bet365,2026-08-22,Antwerp_v_Genk_Belgian_Pro_League_BTTS_NO_2026-08-22,NO DATA,False,NO DATA — PENDING,,,,football-data.co.uk (no data),,False
Charleroi v Mechelen (Belgian Pro League),Belgian Pro League,1X2_HOME,Home Win,0.43034751703705454,0,Bet365,2026-08-22,Charleroi_v_Mechelen_Belgian_Pro_League_1X2_HOME_2026-08-22,NO DATA,False,NO DATA — PENDING,,,,football-data.co.uk (no data),,False
Charleroi v Mechelen (Belgian Pro League),Belgian Pro League,1X2_DRAW,Draw,0.2818611153712719,0,Bet365,2026-08-22,Charleroi_v_Mechelen_Belgian_Pro_League_1X2_DRAW_2026-08-22,NO DATA,False,NO DATA — PENDING,,,,football-data.co.uk (no data),,False
Charleroi v Mechelen (Belgian Pro League),Belgian Pro League,1X2_AWAY,Away Win,0.28779136759167345,0,Bet365,2026-08-22,Charleroi_v_Mechelen_Belgian_Pro_League_1X2_AWAY_2026-08-22,NO DATA,False,NO DATA — PENDING,,,,football-data.co.uk (no data),,False
Charleroi v Mechelen (Belgian Pro League),Belgian Pro League,OVER_1_5,Over 1.5,0.7228234935045053,0,Bet365,2026-08-22,Charleroi_v_Mechelen_Belgian_Pro_League_OVER_1_5_2026-08-22,NO DATA,False,NO DATA — PENDING,,,,football-data.co.uk (no data),,False
Charleroi v Mechelen (Belgian Pro League),Belgian Pro League,OVER_2_5,Over 2.5,0.4587495362131815,0,Bet365,2026-08-22,Charleroi_v_Mechelen_Belgian_Pro_League_OVER_2_5_2026-08-22,NO DATA,False,NO DATA — PENDING,,,,football-data.co.uk (no data),,False
Charleroi v Mechelen (Belgian Pro League),Belgian Pro League,OVER_3_5,Over 3.5,0.24456358294631986,0,Bet365,2026-08-22,Charleroi_v_Mechelen_Belgian_Pro_League_OVER_3_5_2026-08-22,NO DATA,False,NO DATA — PENDING,,,,football-data.co.uk (no data),,False
Charleroi v Mechelen (Belgian Pro League),Belgian Pro League,BTTS_YES,BTTS Yes,0.5127314288373839,0,Bet365,2026-08-22,Charleroi_v_Mechelen_Belgian_Pro_League_BTTS_YES_2026-08-22,NO DATA,False,NO DATA — PENDING,,,,football-data.co.uk (no data),,False
Charleroi v Mechelen (Belgian Pro League),Belgian Pro League,BTTS_NO,BTTS No,0.4872685711626161,0,Bet365,2026-08-22,Charleroi_v_Mechelen_Belgian_Pro_League_BTTS_NO_2026-08-22,NO DATA,False,NO DATA — PENDING,,,,football-data.co.uk (no data),,False
Birmingham v Bristol City (Championship),Championship,1X2_HOME,Home Win,0.3979401497338348,0,Bet365,2026-08-22,Birmingham_v_Bristol_City_Championship_1X2_HOME_2026-08-22,NO DATA,False,NO DATA — PENDING,,,,football-data.co.uk (no data),,False
Birmingham v Bristol City (Championship),Championship,1X2_DRAW,Draw,0.30157498450389963,0,Bet365,2026-08-22,Birmingham_v_Bristol_City_Championship_1X2_DRAW_2026-08-22,NO DATA,False,NO DATA — PENDING,,,,football-data.co.uk (no data),,False
Birmingham v Bristol City (Championship),Championship,1X2_AWAY,Away Win,0.3004848657622658,0,Bet365,2026-08-22,Birmingham_v_Bristol_City_Championship_1X2_AWAY_2026-08-22,NO DATA,False,NO DATA — PENDING,,,,football-data.co.uk (no data),,False
Birmingham v Bristol City (Championship),Championship,OVER_1_5,Over 1.5,0.7037421246777193,0,Bet365,2026-08-22,Birmingham_v_Bristol_City_Championship_OVER_1_5_2026-08-22,NO DATA,False,NO DATA — PENDING,,,,football-data.co.uk (no data),,False
Birmingham v Bristol City (Championship),Championship,OVER_2_5,Over 2.5,0.429076802567446,0,Bet365,2026-08-22,Birmingham_v_Bristol_City_Championship_OVER_2_5_2026-08-22,NO DATA,False,NO DATA — PENDING,,,,football-data.co.uk (no data),,False
Birmingham v Bristol City (Championship),Championship,OVER_3_5,Over 3.5,0.22030641690109148,0,Bet365,2026-08-22,Birmingham_v_Bristol_City_Championship_OVER_3_5_2026-08-22,NO DATA,False,NO DATA — PENDING,,,,football-data.co.uk (no data),,False
Birmingham v Bristol City (Championship),Championship,BTTS_YES,BTTS Yes,0.49749255374259893,0,Bet365,2026-08-22,Birmingham_v_Bristol_City_Championship_BTTS_YES_2026-08-22,NO DATA,False,NO DATA — PENDING,,,,football-data.co.uk (no data),,False
Birmingham v Bristol City (Championship),Championship,BTTS_NO,BTTS No,0.5025074462574011,2.0,Bet365,2026-08-22,Birmingham_v_Bristol_City_Championship_BTTS_NO_2026-08-22,NO DATA,False,NO DATA — PENDING,,,,football-data.co.uk (no data),,False
Millwall v Norwich (Championship),Championship,1X2_HOME,Home Win,0.44382415569174116,0,Bet365,2026-08-22,Millwall_v_Norwich_Championship_1X2_HOME_2026-08-22,NO DATA,False,NO DATA — PENDING,,,,football-data.co.uk (no data),,False
Millwall v Norwich (Championship),Championship,1X2_DRAW,Draw,0.29517764759296355,0,Bet365,2026-08-22,Millwall_v_Norwich_Championship_1X2_DRAW_2026-08-22,NO DATA,False,NO DATA — PENDING,,,,football-data.co.uk (no data),,False
Millwall v Norwich (Championship),Championship,1X2_AWAY,Away Win,0.2609981967152952,0,Bet365,2026-08-22,Millwall_v_Norwich_Championship_1X2_AWAY_2026-08-22,NO DATA,False,NO DATA — PENDING,,,,football-data.co.uk (no data),,False
Millwall v Norwich (Championship),Championship,OVER_1_5,Over 1.5,0.7079516962183061,0,Bet365,2026-08-22,Millwall_v_Norwich_Championship_OVER_1_5_2026-08-22,NO DATA,False,NO DATA — PENDING,,,,football-data.co.uk (no data),,False
Millwall v Norwich (Championship),Championship,OVER_2_5,Over 2.5,0.43447813043763023,0,Bet365,2026-08-22,Millwall_v_Norwich_Championship_OVER_2_5_2026-08-22,NO DATA,False,NO DATA — PENDING,,,,football-data.co.uk (no data),,False
Millwall v Norwich (Championship),Championship,OVER_3_5,Over 3.5,0.22463769009036566,0,Bet365,2026-08-22,Millwall_v_Norwich_Championship_OVER_3_5_2026-08-22,NO DATA,False,NO DATA — PENDING,,,,football-data.co.uk (no data),,False
Millwall v Norwich (Championship),Championship,BTTS_YES,BTTS Yes,0.49377323238428505,0,Bet365,2026-08-22,Millwall_v_Norwich_Championship_BTTS_YES_2026-08-22,NO DATA,False,NO DATA — PENDING,,,,football-data.co.uk (no data),,False
Millwall v Norwich (Championship),Championship,BTTS_NO,BTTS No,0.506226767615715,0,Bet365,2026-08-22,Millwall_v_Norwich_Championship_BTTS_NO_2026-08-22,NO DATA,False,NO DATA — PENDING,,,,football-data.co.uk (no data),,False
Lincoln v Portsmouth (Championship),Championship,1X2_HOME,Home Win,0.0158098934849306,0,Bet365,2026-08-22,Lincoln_v_Portsmouth_Championship_1X2_HOME_2026-08-22,NO DATA,False,NO DATA — PENDING,,,,football-data.co.uk (no data),,False
Lincoln v Portsmouth (Championship),Championship,1X2_DRAW,Draw,0.18168162839316582,0,Bet365,2026-08-22,Lincoln_v_Portsmouth_Championship_1X2_DRAW_2026-08-22,NO DATA,False,NO DATA — PENDING,,,,football-data.co.uk (no data),,False
Lincoln v Portsmouth (Championship),Championship,1X2_AWAY,Away Win,0.8025084781219036,0,Bet365,2026-08-22,Lincoln_v_Portsmouth_Championship_1X2_AWAY_2026-08-22,NO DATA,False,NO DATA — PENDING,,,,football-data.co.uk (no data),,False
West Ham v Charlton (Championship),Championship,1X2_HOME,Home Win,0.8096997288171129,0,Bet365,2026-08-22,West_Ham_v_Charlton_Championship_1X2_HOME_2026-08-22,NO DATA,False,NO DATA — PENDING,,,,football-data.co.uk (no data),,False
West Ham v Charlton (Championship),Championship,1X2_DRAW,Draw,0.17830945446848342,0,Bet365,2026-08-22,West_Ham_v_Charlton_Championship_1X2_DRAW_2026-08-22,NO DATA,False,NO DATA — PENDING,,,,football-data.co.uk (no data),,False
West Ham v Charlton (Championship),Championship,1X2_AWAY,Away Win,0.011990816714403645,0,Bet365,2026-08-22,West_Ham_v_Charlton_Championship_1X2_AWAY_2026-08-22,NO DATA,False,NO DATA — PENDING,,,,football-data.co.uk (no data),,False
Preston v Wolves (Championship),Championship,1X2_HOME,Home Win,0.1834778372944641,0,Bet365,2026-08-22,Preston_v_Wolves_Championship_1X2_HOME_2026-08-22,NO DATA,False,NO DATA — PENDING,,,,football-data.co.uk (no data),,False
Preston v Wolves (Championship),Championship,1X2_DRAW,Draw,0.26086869460941775,0,Bet365,2026-08-22,Preston_v_Wolves_Championship_1X2_DRAW_2026-08-22,NO DATA,False,NO DATA — PENDING,,,,football-data.co.uk (no data),,False
Preston v Wolves (Championship),Championship,1X2_AWAY,Away Win,0.5556534680961182,0,Bet365,2026-08-22,Preston_v_Wolves_Championship_1X2_AWAY_2026-08-22,NO DATA,False,NO DATA — PENDING,,,,football-data.co.uk (no data),,False
Blackburn v Middlesbrough (Championship),Championship,1X2_HOME,Home Win,0.20723031282877608,0,Bet365,2026-08-22,Blackburn_v_Middlesbrough_Championship_1X2_HOME_2026-08-22,NO DATA,False,NO DATA — PENDING,,,,football-data.co.uk (no data),,False
Blackburn v Middlesbrough (Championship),Championship,1X2_DRAW,Draw,0.3121959195334635,0,Bet365,2026-08-22,Blackburn_v_Middlesbrough_Championship_1X2_DRAW_2026-08-22,NO DATA,False,NO DATA — PENDING,,,,football-data.co.uk (no data),,False
Blackburn v Middlesbrough (Championship),Championship,1X2_AWAY,Away Win,0.4805737676377604,0,Bet365,2026-08-22,Blackburn_v_Middlesbrough_Championship_1X2_AWAY_2026-08-22,NO DATA,False,NO DATA — PENDING,,,,football-data.co.uk (no data),,False
Blackburn v Middlesbrough (Championship),Championship,OVER_1_5,Over 1.5,0.6282713604231425,0,Bet365,2026-08-22,Blackburn_v_Middlesbrough_Championship_OVER_1_5_2026-08-22,NO DATA,False,NO DATA — PENDING,,,,football-data.co.uk (no data),,False
Blackburn v Middlesbrough (Championship),Championship,OVER_2_5,Over 2.5,0.34521413918552313,0,Bet365,2026-08-22,Blackburn_v_Middlesbrough_Championship_OVER_2_5_2026-08-22,NO DATA,False,NO DATA — PENDING,,,,football-data.co.uk (no data),,False
Blackburn v Middlesbrough (Championship),Championship,OVER_3_5,Over 3.5,0.15776533233814233,0,Bet365,2026-08-22,Blackburn_v_Middlesbrough_Championship_OVER_3_5_2026-08-22,NO DATA,False,NO DATA — PENDING,,,,football-data.co.uk (no data),,False
Blackburn v Middlesbrough (Championship),Championship,BTTS_YES,BTTS Yes,0.4053372302457897,0,Bet365,2026-08-22,Blackburn_v_Middlesbrough_Championship_BTTS_YES_2026-08-22,NO DATA,False,NO DATA — PENDING,,,,football-data.co.uk (no data),,False
Blackburn v Middlesbrough (Championship),Championship,BTTS_NO,BTTS No,0.5946627697542103,0,Bet365,2026-08-22,Blackburn_v_Middlesbrough_Championship_BTTS_NO_2026-08-22,NO DATA,False,NO DATA — PENDING,,,,football-data.co.uk (no data),,False
Derby v Cardiff (Championship),Championship,1X2_HOME,Home Win,0.5378016980480976,0,Bet365,2026-08-22,Derby_v_Cardiff_Championship_1X2_HOME_2026-08-22,NO DATA,False,NO DATA — PENDING,,,,football-data.co.uk (no data),,False
Derby v Cardiff (Championship),Championship,1X2_DRAW,Draw,0.25714305000566484,0,Bet365,2026-08-22,Derby_v_Cardiff_Championship_1X2_DRAW_2026-08-22,NO DATA,False,NO DATA — PENDING,,,,football-data.co.uk (no data),,False
Derby v Cardiff (Championship),Championship,1X2_AWAY,Away Win,0.20505525194623753,0,Bet365,2026-08-22,Derby_v_Cardiff_Championship_1X2_AWAY_2026-08-22,NO DATA,False,NO DATA — PENDING,,,,football-data.co.uk (no data),,False
Derby v Cardiff (Championship),Championship,OVER_1_5,Over 1.5,0.7016477293670406,0,Bet365,2026-08-22,Derby_v_Cardiff_Championship_OVER_1_5_2026-08-22,NO DATA,False,NO DATA — PENDING,,,,football-data.co.uk (no data),,False
Derby v Cardiff (Championship),Championship,OVER_2_5,Over 2.5,0.44020834167964584,0,Bet365,2026-08-22,Derby_v_Cardiff_Championship_OVER_2_5_2026-08-22,NO DATA,False,NO DATA — PENDING,,,,football-data.co.uk (no data),,False
Derby v Cardiff (Championship),Championship,OVER_3_5,Over 3.5,0.22927335896109285,0,Bet365,2026-08-22,Derby_v_Cardiff_Championship_OVER_3_5_2026-08-22,NO DATA,False,NO DATA — PENDING,,,,football-data.co.uk (no data),,False
Derby v Cardiff (Championship),Championship,BTTS_YES,BTTS Yes,0.4609914549559888,0,Bet365,2026-08-22,Derby_v_Cardiff_Championship_BTTS_YES_2026-08-22,NO DATA,False,NO DATA — PENDING,,,,football-data.co.uk (no data),,False
Derby v Cardiff (Championship),Championship,BTTS_NO,BTTS No,0.5390085450440112,0,Bet365,2026-08-22,Derby_v_Cardiff_Championship_BTTS_NO_2026-08-22,NO DATA,False,NO DATA — PENDING,,,,football-data.co.uk (no data),,False
Wrexham v Watford (Championship),Championship,1X2_HOME,Home Win,0.5027248647215031,0,Bet365,2026-08-22,Wrexham_v_Watford_Championship_1X2_HOME_2026-08-22,NO DATA,False,NO DATA — PENDING,,,,football-data.co.uk (no data),,False
Wrexham v Watford (Championship),Championship,1X2_DRAW,Draw,0.25718553293770935,0,Bet365,2026-08-22,Wrexham_v_Watford_Championship_1X2_DRAW_2026-08-22,NO DATA,False,NO DATA — PENDING,,,,football-data.co.uk (no data),,False
Wrexham v Watford (Championship),Championship,1X2_AWAY,Away Win,0.24008960234078752,0,Bet365,2026-08-22,Wrexham_v_Watford_Championship_1X2_AWAY_2026-08-22,NO DATA,False,NO DATA — PENDING,,,,football-data.co.uk (no data),,False
Wrexham v Watford (Championship),Championship,OVER_1_5,Over 1.5,0.7998677277209839,1.28,Bet365,2026-08-22,Wrexham_v_Watford_Championship_OVER_1_5_2026-08-22,NO DATA,False,NO DATA — PENDING,,,,football-data.co.uk (no data),,False
Wrexham v Watford (Championship),Championship,OVER_2_5,Over 2.5,0.5587864355775779,0,Bet365,2026-08-22,Wrexham_v_Watford_Championship_OVER_2_5_2026-08-22,NO DATA,False,NO DATA — PENDING,,,,football-data.co.uk (no data),,False
Wrexham v Watford (Championship),Championship,OVER_3_5,Over 3.5,0.3349835755998137,0,Bet365,2026-08-22,Wrexham_v_Watford_Championship_OVER_3_5_2026-08-22,NO DATA,False,NO DATA — PENDING,,,,football-data.co.uk (no data),,False
Wrexham v Watford (Championship),Championship,BTTS_YES,BTTS Yes,0.5798191870752925,0,Bet365,2026-08-22,Wrexham_v_Watford_Championship_BTTS_YES_2026-08-22,NO DATA,False,NO DATA — PENDING,,,,football-data.co.uk (no data),,False
Wrexham v Watford (Championship),Championship,BTTS_NO,BTTS No,0.42018081292470755,0,Bet365,2026-08-22,Wrexham_v_Watford_Championship_BTTS_NO_2026-08-22,NO DATA,False,NO DATA — PENDING,,,,football-data.co.uk (no data),,False
Southampton v Stoke (Championship),Championship,1X2_HOME,Home Win,0.5551278292358717,1.65,Bet365,2026-08-22,Southampton_v_Stoke_Championship_1X2_HOME_2026-08-22,NO DATA,False,NO DATA — PENDING,,,,football-data.co.uk (no data),,False
Southampton v Stoke (Championship),Championship,1X2_DRAW,Draw,0.2535470806211018,0,Bet365,2026-08-22,Southampton_v_Stoke_Championship_1X2_DRAW_2026-08-22,NO DATA,False,NO DATA — PENDING,,,,football-data.co.uk (no data),,False
Southampton v Stoke (Championship),Championship,1X2_AWAY,Away Win,0.1913250901430263,0,Bet365,2026-08-22,Southampton_v_Stoke_Championship_1X2_AWAY_2026-08-22,NO DATA,False,NO DATA — PENDING,,,,football-data.co.uk (no data),,False
Southampton v Stoke (Championship),Championship,OVER_1_5,Over 1.5,0.7732102590863015,0,Bet365,2026-08-22,Southampton_v_Stoke_Championship_OVER_1_5_2026-08-22,NO DATA,False,NO DATA — PENDING,,,,football-data.co.uk (no data),,False
Southampton v Stoke (Championship),Championship,OVER_2_5,Over 2.5,0.5209764852323856,0,Bet365,2026-08-22,Southampton_v_Stoke_Championship_OVER_2_5_2026-08-22,NO DATA,False,NO DATA — PENDING,,,,football-data.co.uk (no data),,False
Southampton v Stoke (Championship),Championship,OVER_3_5,Over 3.5,0.2991937436776821,0,Bet365,2026-08-22,Southampton_v_Stoke_Championship_OVER_3_5_2026-08-22,NO DATA,False,NO DATA — PENDING,,,,football-data.co.uk (no data),,False
Southampton v Stoke (Championship),Championship,BTTS_YES,BTTS Yes,0.5285194537056279,0,Bet365,2026-08-22,Southampton_v_Stoke_Championship_BTTS_YES_2026-08-22,NO DATA,False,NO DATA — PENDING,,,,football-data.co.uk (no data),,False
Southampton v Stoke (Championship),Championship,BTTS_NO,BTTS No,0.4714805462943721,0,Bet365,2026-08-22,Southampton_v_Stoke_Championship_BTTS_NO_2026-08-22,NO DATA,False,NO DATA — PENDING,,,,football-data.co.uk (no data),,False
Swansea v Sheffield United (Championship),Championship,1X2_HOME,Home Win,0.40254661818892823,0,,2026-08-22,Swansea_v_Sheffield_United_Championship_1X2_HOME_2026-08-22,NO DATA,False,NO DATA — PENDING,,,,football-data.co.uk (no data),,False
Swansea v Sheffield United (Championship),Championship,1X2_DRAW,Draw,0.27907891184895156,0,,2026-08-22,Swansea_v_Sheffield_United_Championship_1X2_DRAW_2026-08-22,NO DATA,False,NO DATA — PENDING,,,,football-data.co.uk (no data),,False
Swansea v Sheffield United (Championship),Championship,1X2_AWAY,Away Win,0.3183744699621204,0,,2026-08-22,Swansea_v_Sheffield_United_Championship_1X2_AWAY_2026-08-22,NO DATA,False,NO DATA — PENDING,,,,football-data.co.uk (no data),,False
Swansea v Sheffield United (Championship),Championship,OVER_1_5,Over 1.5,0.771323091924218,0,,2026-08-22,Swansea_v_Sheffield_United_Championship_OVER_1_5_2026-08-22,NO DATA,False,NO DATA — PENDING,,,,football-data.co.uk (no data),,False
Swansea v Sheffield United (Championship),Championship,OVER_2_5,Over 2.5,0.5168937055489669,0,,2026-08-22,Swansea_v_Sheffield_United_Championship_OVER_2_5_2026-08-22,NO DATA,False,NO DATA — PENDING,,,,football-data.co.uk (no data),,False
Swansea v Sheffield United (Championship),Championship,OVER_3_5,Over 3.5,0.2954496113716929,0,,2026-08-22,Swansea_v_Sheffield_United_Championship_OVER_3_5_2026-08-22,NO DATA,False,NO DATA — PENDING,,,,football-data.co.uk (no data),,False
Swansea v Sheffield United (Championship),Championship,BTTS_YES,BTTS Yes,0.5670601678865084,0,,2026-08-22,Swansea_v_Sheffield_United_Championship_BTTS_YES_2026-08-22,NO DATA,False,NO DATA — PENDING,,,,football-data.co.uk (no data),,False
Swansea v Sheffield United (Championship),Championship,BTTS_NO,BTTS No,0.43293983211349163,0,,2026-08-22,Swansea_v_Sheffield_United_Championship_BTTS_NO_2026-08-22,NO DATA,False,NO DATA — PENDING,,,,football-data.co.uk (no data),,False
Sparta Rotterdam v Utrecht (Eredivisie),Eredivisie,1X2_HOME,Home Win,0.25320146398916454,0,Bet365,2026-08-22,Sparta_Rotterdam_v_Utrecht_Eredivisie_1X2_HOME_2026-08-22,NO DATA,False,NO DATA — PENDING,,,,football-data.co.uk (no data),,False
Sparta Rotterdam v Utrecht (Eredivisie),Eredivisie,1X2_DRAW,Draw,0.29253569163568016,0,Bet365,2026-08-22,Sparta_Rotterdam_v_Utrecht_Eredivisie_1X2_DRAW_2026-08-22,NO DATA,False,NO DATA — PENDING,,,,football-data.co.uk (no data),,False
Sparta Rotterdam v Utrecht (Eredivisie),Eredivisie,1X2_AWAY,Away Win,0.4542628443751552,0,Bet365,2026-08-22,Sparta_Rotterdam_v_Utrecht_Eredivisie_1X2_AWAY_2026-08-22,NO DATA,False,NO DATA — PENDING,,,,football-data.co.uk (no data),,False
Sparta Rotterdam v Utrecht (Eredivisie),Eredivisie,OVER_1_5,Over 1.5,0.7247510074162147,0,Bet365,2026-08-22,Sparta_Rotterdam_v_Utrecht_Eredivisie_OVER_1_5_2026-08-22,NO DATA,False,NO DATA — PENDING,,,,football-data.co.uk (no data),,False
Sparta Rotterdam v Utrecht (Eredivisie),Eredivisie,OVER_2_5,Over 2.5,0.4530519139990564,0,Bet365,2026-08-22,Sparta_Rotterdam_v_Utrecht_Eredivisie_OVER_2_5_2026-08-22,NO DATA,False,NO DATA — PENDING,,,,football-data.co.uk (no data),,False
Sparta Rotterdam v Utrecht (Eredivisie),Eredivisie,OVER_3_5,Over 3.5,0.2398176410557812,0,Bet365,2026-08-22,Sparta_Rotterdam_v_Utrecht_Eredivisie_OVER_3_5_2026-08-22,NO DATA,False,NO DATA — PENDING,,,,football-data.co.uk (no data),,False
Sparta Rotterdam v Utrecht (Eredivisie),Eredivisie,BTTS_YES,BTTS Yes,0.5081178956053937,0,Bet365,2026-08-22,Sparta_Rotterdam_v_Utrecht_Eredivisie_BTTS_YES_2026-08-22,NO DATA,False,NO DATA — PENDING,,,,football-data.co.uk (no data),,False
Sparta Rotterdam v Utrecht (Eredivisie),Eredivisie,BTTS_NO,BTTS No,0.49188210439460633,0,Bet365,2026-08-22,Sparta_Rotterdam_v_Utrecht_Eredivisie_BTTS_NO_2026-08-22,NO DATA,False,NO DATA — PENDING,,,,football-data.co.uk (no data),,False
PSV Eindhoven v Utrecht (Eredivisie),Eredivisie,1X2_HOME,Home Win,0.6529413425548876,1.15,SportyBet Nigeria,2026-08-22,PSV_Eindhoven_v_Utrecht_Eredivisie_1X2_HOME_2026-08-22,NO DATA,False,NO DATA — PENDING,,,,football-data.co.uk (no data),,False
PSV Eindhoven v Utrecht (Eredivisie),Eredivisie,1X2_DRAW,Draw,0.1904165227320193,0,SportyBet Nigeria,2026-08-22,PSV_Eindhoven_v_Utrecht_Eredivisie_1X2_DRAW_2026-08-22,NO DATA,False,NO DATA — PENDING,,,,football-data.co.uk (no data),,False
PSV Eindhoven v Utrecht (Eredivisie),Eredivisie,1X2_AWAY,Away Win,0.15664213471309307,0,SportyBet Nigeria,2026-08-22,PSV_Eindhoven_v_Utrecht_Eredivisie_1X2_AWAY_2026-08-22,NO DATA,False,NO DATA — PENDING,,,,football-data.co.uk (no data),,False
PSV Eindhoven v Utrecht (Eredivisie),Eredivisie,OVER_1_5,Over 1.5,0.8998720089564128,0,SportyBet Nigeria,2026-08-22,PSV_Eindhoven_v_Utrecht_Eredivisie_OVER_1_5_2026-08-22,NO DATA,False,NO DATA — PENDING,,,,football-data.co.uk (no data),,False
PSV Eindhoven v Utrecht (Eredivisie),Eredivisie,OVER_2_5,Over 2.5,0.7290932772114626,0,SportyBet Nigeria,2026-08-22,PSV_Eindhoven_v_Utrecht_Eredivisie_OVER_2_5_2026-08-22,NO DATA,False,NO DATA — PENDING,,,,football-data.co.uk (no data),,False
PSV Eindhoven v Utrecht (Eredivisie),Eredivisie,OVER_3_5,Over 3.5,0.5239631359137472,0,SportyBet Nigeria,2026-08-22,PSV_Eindhoven_v_Utrecht_Eredivisie_OVER_3_5_2026-08-22,NO DATA,False,NO DATA — PENDING,,,,football-data.co.uk (no data),,False
PSV Eindhoven v Utrecht (Eredivisie),Eredivisie,BTTS_YES,BTTS Yes,0.6609529605688484,0,SportyBet Nigeria,2026-08-22,PSV_Eindhoven_v_Utrecht_Eredivisie_BTTS_YES_2026-08-22,NO DATA,False,NO DATA — PENDING,,,,football-data.co.uk (no data),,False
PSV Eindhoven v Utrecht (Eredivisie),Eredivisie,BTTS_NO,BTTS No,0.33904703943115155,0,SportyBet Nigeria,2026-08-22,PSV_Eindhoven_v_Utrecht_Eredivisie_BTTS_NO_2026-08-22,NO DATA,False,NO DATA — PENDING,,,,football-data.co.uk (no data),,False
Athletic Club v Sevilla (La Liga),La Liga,1X2_HOME,Home Win,0.4662014623421894,0,Bet365,2026-08-22,Athletic_Club_v_Sevilla_La_Liga_1X2_HOME_2026-08-22,NO DATA,False,NO DATA — PENDING,,,,football-data.co.uk (no data),,False
Athletic Club v Sevilla (La Liga),La Liga,1X2_DRAW,Draw,0.2552736191177199,0,Bet365,2026-08-22,Athletic_Club_v_Sevilla_La_Liga_1X2_DRAW_2026-08-22,NO DATA,False,NO DATA — PENDING,,,,football-data.co.uk (no data),,False
Athletic Club v Sevilla (La Liga),La Liga,1X2_AWAY,Away Win,0.27852491854009065,0,Bet365,2026-08-22,Athletic_Club_v_Sevilla_La_Liga_1X2_AWAY_2026-08-22,NO DATA,False,NO DATA — PENDING,,,,football-data.co.uk (no data),,False
Athletic Club v Sevilla (La Liga),La Liga,OVER_1_5,Over 1.5,0.7513775370838908,1.4,Bet365,2026-08-22,Athletic_Club_v_Sevilla_La_Liga_OVER_1_5_2026-08-22,NO DATA,False,NO DATA — PENDING,,,,football-data.co.uk (no data),,False
Athletic Club v Sevilla (La Liga),La Liga,OVER_2_5,Over 2.5,0.5044551864243453,0,Bet365,2026-08-22,Athletic_Club_v_Sevilla_La_Liga_OVER_2_5_2026-08-22,NO DATA,False,NO DATA — PENDING,,,,football-data.co.uk (no data),,False
Athletic Club v Sevilla (La Liga),La Liga,OVER_3_5,Over 3.5,0.28418182500676187,0,Bet365,2026-08-22,Athletic_Club_v_Sevilla_La_Liga_OVER_3_5_2026-08-22,NO DATA,False,NO DATA — PENDING,,,,football-data.co.uk (no data),,False
Athletic Club v Sevilla (La Liga),La Liga,BTTS_YES,BTTS Yes,0.5377304379420216,0,Bet365,2026-08-22,Athletic_Club_v_Sevilla_La_Liga_BTTS_YES_2026-08-22,NO DATA,False,NO DATA — PENDING,,,,football-data.co.uk (no data),,False
Athletic Club v Sevilla (La Liga),La Liga,BTTS_NO,BTTS No,0.4622695620579784,0,Bet365,2026-08-22,Athletic_Club_v_Sevilla_La_Liga_BTTS_NO_2026-08-22,NO DATA,False,NO DATA — PENDING,,,,football-data.co.uk (no data),,False
Espanyol v Real Madrid (La Liga),La Liga,1X2_HOME,Home Win,0.09864509484543428,0,Bet365,2026-08-22,Espanyol_v_Real_Madrid_La_Liga_1X2_HOME_2026-08-22,NO DATA,False,NO DATA — PENDING,,,,football-data.co.uk (no data),,False
Espanyol v Real Madrid (La Liga),La Liga,1X2_DRAW,Draw,0.22597958442526553,0,Bet365,2026-08-22,Espanyol_v_Real_Madrid_La_Liga_1X2_DRAW_2026-08-22,NO DATA,False,NO DATA — PENDING,,,,football-data.co.uk (no data),,False
Espanyol v Real Madrid (La Liga),La Liga,1X2_AWAY,Away Win,0.6753753207293002,1.45,Bet365,2026-08-22,Espanyol_v_Real_Madrid_La_Liga_1X2_AWAY_2026-08-22,NO DATA,False,NO DATA — PENDING,,,,football-data.co.uk (no data),,False
Ath Bilbao v Sevilla (La Liga),La Liga,1X2_HOME,Home Win,0.4662014939348387,1.77,SportyBet Nigeria,2026-08-22,Ath_Bilbao_v_Sevilla_La_Liga_1X2_HOME_2026-08-22,NO DATA,False,NO DATA — PENDING,,,,football-data.co.uk (no data),,False
Ath Bilbao v Sevilla (La Liga),La Liga,1X2_DRAW,Draw,0.2552736769131017,0,SportyBet Nigeria,2026-08-22,Ath_Bilbao_v_Sevilla_La_Liga_1X2_DRAW_2026-08-22,NO DATA,False,NO DATA — PENDING,,,,football-data.co.uk (no data),,False
Ath Bilbao v Sevilla (La Liga),La Liga,1X2_AWAY,Away Win,0.2785248291520594,0,SportyBet Nigeria,2026-08-22,Ath_Bilbao_v_Sevilla_La_Liga_1X2_AWAY_2026-08-22,NO DATA,False,NO DATA — PENDING,,,,football-data.co.uk (no data),,False
Ath Bilbao v Sevilla (La Liga),La Liga,OVER_1_5,Over 1.5,0.7513773209647272,0,SportyBet Nigeria,2026-08-22,Ath_Bilbao_v_Sevilla_La_Liga_OVER_1_5_2026-08-22,NO DATA,False,NO DATA — PENDING,,,,football-data.co.uk (no data),,False
Ath Bilbao v Sevilla (La Liga),La Liga,OVER_2_5,Over 2.5,0.5044548949930732,0,SportyBet Nigeria,2026-08-22,Ath_Bilbao_v_Sevilla_La_Liga_OVER_2_5_2026-08-22,NO DATA,False,NO DATA — PENDING,,,,football-data.co.uk (no data),,False
Ath Bilbao v Sevilla (La Liga),La Liga,OVER_3_5,Over 3.5,0.2841815634799756,0,SportyBet Nigeria,2026-08-22,Ath_Bilbao_v_Sevilla_La_Liga_OVER_3_5_2026-08-22,NO DATA,False,NO DATA — PENDING,,,,football-data.co.uk (no data),,False
Ath Bilbao v Sevilla (La Liga),La Liga,BTTS_YES,BTTS Yes,0.5377301931551628,0,SportyBet Nigeria,2026-08-22,Ath_Bilbao_v_Sevilla_La_Liga_BTTS_YES_2026-08-22,NO DATA,False,NO DATA — PENDING,,,,football-data.co.uk (no data),,False
Ath Bilbao v Sevilla (La Liga),La Liga,BTTS_NO,BTTS No,0.4622698068448372,0,SportyBet Nigeria,2026-08-22,Ath_Bilbao_v_Sevilla_La_Liga_BTTS_NO_2026-08-22,NO DATA,False,NO DATA — PENDING,,,,football-data.co.uk (no data),,False
Valencia v Celta (La Liga),La Liga,1X2_HOME,Home Win,0.38848502696196036,0,,2026-08-22,Valencia_v_Celta_La_Liga_1X2_HOME_2026-08-22,NO DATA,False,NO DATA — PENDING,,,,football-data.co.uk (no data),,False
Valencia v Celta (La Liga),La Liga,1X2_DRAW,Draw,0.2684112095583121,0,,2026-08-22,Valencia_v_Celta_La_Liga_1X2_DRAW_2026-08-22,NO DATA,False,NO DATA — PENDING,,,,football-data.co.uk (no data),,False
Valencia v Celta (La Liga),La Liga,1X2_AWAY,Away Win,0.34310376347972765,0,,2026-08-22,Valencia_v_Celta_La_Liga_1X2_AWAY_2026-08-22,NO DATA,False,NO DATA — PENDING,,,,football-data.co.uk (no data),,False
Valencia v Celta (La Liga),La Liga,OVER_1_5,Over 1.5,0.7283285429374818,0,,2026-08-22,Valencia_v_Celta_La_Liga_OVER_1_5_2026-08-22,NO DATA,False,NO DATA — PENDING,,,,football-data.co.uk (no data),,False
Valencia v Celta (La Liga),La Liga,OVER_2_5,Over 2.5,0.47404041468475305,0,,2026-08-22,Valencia_v_Celta_La_Liga_OVER_2_5_2026-08-22,NO DATA,False,NO DATA — PENDING,,,,football-data.co.uk (no data),,False
Valencia v Celta (La Liga),La Liga,OVER_3_5,Over 3.5,0.25750982939343764,0,,2026-08-22,Valencia_v_Celta_La_Liga_OVER_3_5_2026-08-22,NO DATA,False,NO DATA — PENDING,,,,football-data.co.uk (no data),,False
Valencia v Celta (La Liga),La Liga,BTTS_YES,BTTS Yes,0.5241523585898165,0,,2026-08-22,Valencia_v_Celta_La_Liga_BTTS_YES_2026-08-22,NO DATA,False,NO DATA — PENDING,,,,football-data.co.uk (no data),,False
Valencia v Celta (La Liga),La Liga,BTTS_NO,BTTS No,0.47584764141018354,0,,2026-08-22,Valencia_v_Celta_La_Liga_BTTS_NO_2026-08-22,NO DATA,False,NO DATA — PENDING,,,,football-data.co.uk (no data),,False
Espanol v Real Madrid (La Liga),La Liga,1X2_HOME,Home Win,0.19494487407045807,0,Bet365,2026-08-22,Espanol_v_Real_Madrid_La_Liga_1X2_HOME_2026-08-22,NO DATA,False,NO DATA — PENDING,,,,football-data.co.uk (no data),,False
Espanol v Real Madrid (La Liga),La Liga,1X2_DRAW,Draw,0.23530514163620844,0,Bet365,2026-08-22,Espanol_v_Real_Madrid_La_Liga_1X2_DRAW_2026-08-22,NO DATA,False,NO DATA — PENDING,,,,football-data.co.uk (no data),,False
Espanol v Real Madrid (La Liga),La Liga,1X2_AWAY,Away Win,0.5697499842933336,0,Bet365,2026-08-22,Espanol_v_Real_Madrid_La_Liga_1X2_AWAY_2026-08-22,NO DATA,False,NO DATA — PENDING,,,,football-data.co.uk (no data),,False
Espanol v Real Madrid (La Liga),La Liga,OVER_1_5,Over 1.5,0.7532441033300196,0,Bet365,2026-08-22,Espanol_v_Real_Madrid_La_Liga_OVER_1_5_2026-08-22,NO DATA,False,NO DATA — PENDING,,,,football-data.co.uk (no data),,False
Espanol v Real Madrid (La Liga),La Liga,OVER_2_5,Over 2.5,0.5071248258554597,0,Bet365,2026-08-22,Espanol_v_Real_Madrid_La_Liga_OVER_2_5_2026-08-22,NO DATA,False,NO DATA — PENDING,,,,football-data.co.uk (no data),,False
Espanol v Real Madrid (La Liga),La Liga,OVER_3_5,Over 3.5,0.28658187046140415,0,Bet365,2026-08-22,Espanol_v_Real_Madrid_La_Liga_OVER_3_5_2026-08-22,NO DATA,False,NO DATA — PENDING,,,,football-data.co.uk (no data),,False
Espanol v Real Madrid (La Liga),La Liga,BTTS_YES,BTTS Yes,0.5045917658582111,0,Bet365,2026-08-22,Espanol_v_Real_Madrid_La_Liga_BTTS_YES_2026-08-22,NO DATA,False,NO DATA — PENDING,,,,football-data.co.uk (no data),,False
Espanol v Real Madrid (La Liga),La Liga,BTTS_NO,BTTS No,0.4954082341417889,1.95,Bet365,2026-08-22,Espanol_v_Real_Madrid_La_Liga_BTTS_NO_2026-08-22,NO DATA,False,NO DATA — PENDING,,,,football-data.co.uk (no data),,False
Ceuta v Las Palmas (La Liga 2),La Liga 2,1X2_HOME,Home Win,0.2679035207657005,0,,2026-08-22,Ceuta_v_Las_Palmas_La_Liga_2_1X2_HOME_2026-08-22,NO DATA,False,NO DATA — PENDING,,,,football-data.co.uk (no data),,False
Ceuta v Las Palmas (La Liga 2),La Liga 2,1X2_DRAW,Draw,0.27642572651610275,0,,2026-08-22,Ceuta_v_Las_Palmas_La_Liga_2_1X2_DRAW_2026-08-22,NO DATA,False,NO DATA — PENDING,,,,football-data.co.uk (no data),,False
Ceuta v Las Palmas (La Liga 2),La Liga 2,1X2_AWAY,Away Win,0.45567075271819657,0,,2026-08-22,Ceuta_v_Las_Palmas_La_Liga_2_1X2_AWAY_2026-08-22,NO DATA,False,NO DATA — PENDING,,,,football-data.co.uk (no data),,False
Ceuta v Las Palmas (La Liga 2),La Liga 2,OVER_1_5,Over 1.5,0.6801950769798061,0,,2026-08-22,Ceuta_v_Las_Palmas_La_Liga_2_OVER_1_5_2026-08-22,NO DATA,False,NO DATA — PENDING,,,,football-data.co.uk (no data),,False
Ceuta v Las Palmas (La Liga 2),La Liga 2,OVER_2_5,Over 2.5,0.4153662112917973,0,,2026-08-22,Ceuta_v_Las_Palmas_La_Liga_2_OVER_2_5_2026-08-22,NO DATA,False,NO DATA — PENDING,,,,football-data.co.uk (no data),,False
Ceuta v Las Palmas (La Liga 2),La Liga 2,OVER_3_5,Over 3.5,0.20947864369370106,0,,2026-08-22,Ceuta_v_Las_Palmas_La_Liga_2_OVER_3_5_2026-08-22,NO DATA,False,NO DATA — PENDING,,,,football-data.co.uk (no data),,False
Ceuta v Las Palmas (La Liga 2),La Liga 2,BTTS_YES,BTTS Yes,0.4659279462015927,0,,2026-08-22,Ceuta_v_Las_Palmas_La_Liga_2_BTTS_YES_2026-08-22,NO DATA,False,NO DATA — PENDING,,,,football-data.co.uk (no data),,False
Ceuta v Las Palmas (La Liga 2),La Liga 2,BTTS_NO,BTTS No,0.5340720537984073,0,,2026-08-22,Ceuta_v_Las_Palmas_La_Liga_2_BTTS_NO_2026-08-22,NO DATA,False,NO DATA — PENDING,,,,football-data.co.uk (no data),,False
Lens v Auxerre (Ligue 1),Ligue 1,1X2_HOME,Home Win,0.6789538965777258,0,Bet365,2026-08-22,Lens_v_Auxerre_Ligue_1_1X2_HOME_2026-08-22,NO DATA,False,NO DATA — PENDING,,,,football-data.co.uk (no data),,False
Lens v Auxerre (Ligue 1),Ligue 1,1X2_DRAW,Draw,0.2047726137574826,0,Bet365,2026-08-22,Lens_v_Auxerre_Ligue_1_1X2_DRAW_2026-08-22,NO DATA,False,NO DATA — PENDING,,,,football-data.co.uk (no data),,False
Lens v Auxerre (Ligue 1),Ligue 1,1X2_AWAY,Away Win,0.11627348966479167,0,Bet365,2026-08-22,Lens_v_Auxerre_Ligue_1_1X2_AWAY_2026-08-22,NO DATA,False,NO DATA — PENDING,,,,football-data.co.uk (no data),,False
Lens v Auxerre (Ligue 1),Ligue 1,OVER_1_5,Over 1.5,0.7310721159591862,0,Bet365,2026-08-22,Lens_v_Auxerre_Ligue_1_OVER_1_5_2026-08-22,NO DATA,False,NO DATA — PENDING,,,,football-data.co.uk (no data),,False
Lens v Auxerre (Ligue 1),Ligue 1,OVER_2_5,Over 2.5,0.47926942283523094,0,Bet365,2026-08-22,Lens_v_Auxerre_Ligue_1_OVER_2_5_2026-08-22,NO DATA,False,NO DATA — PENDING,,,,football-data.co.uk (no data),,False
Lens v Auxerre (Ligue 1),Ligue 1,OVER_3_5,Over 3.5,0.2620058733092841,0,Bet365,2026-08-22,Lens_v_Auxerre_Ligue_1_OVER_3_5_2026-08-22,NO DATA,False,NO DATA — PENDING,,,,football-data.co.uk (no data),,False
Lens v Auxerre (Ligue 1),Ligue 1,BTTS_YES,BTTS Yes,0.41053619689795295,0,Bet365,2026-08-22,Lens_v_Auxerre_Ligue_1_BTTS_YES_2026-08-22,NO DATA,False,NO DATA — PENDING,,,,football-data.co.uk (no data),,False
Lens v Auxerre (Ligue 1),Ligue 1,BTTS_NO,BTTS No,0.589463803102047,0,Bet365,2026-08-22,Lens_v_Auxerre_Ligue_1_BTTS_NO_2026-08-22,NO DATA,False,NO DATA — PENDING,,,,football-data.co.uk (no data),,False
Nice v Lorient (Ligue 1),Ligue 1,1X2_HOME,Home Win,0.32588345633724164,0,Bet365,2026-08-22,Nice_v_Lorient_Ligue_1_1X2_HOME_2026-08-22,NO DATA,False,NO DATA — PENDING,,,,football-data.co.uk (no data),,False
Nice v Lorient (Ligue 1),Ligue 1,1X2_DRAW,Draw,0.248535334923886,0,Bet365,2026-08-22,Nice_v_Lorient_Ligue_1_1X2_DRAW_2026-08-22,NO DATA,False,NO DATA — PENDING,,,,football-data.co.uk (no data),,False
Nice v Lorient (Ligue 1),Ligue 1,1X2_AWAY,Away Win,0.4255812087388725,0,Bet365,2026-08-22,Nice_v_Lorient_Ligue_1_1X2_AWAY_2026-08-22,NO DATA,False,NO DATA — PENDING,,,,football-data.co.uk (no data),,False
Nice v Lorient (Ligue 1),Ligue 1,OVER_1_5,Over 1.5,0.7793743277194689,1.33,Bet365,2026-08-22,Nice_v_Lorient_Ligue_1_OVER_1_5_2026-08-22,NO DATA,False,NO DATA — PENDING,,,,football-data.co.uk (no data),,False
Nice v Lorient (Ligue 1),Ligue 1,OVER_2_5,Over 2.5,0.5449396648465638,0,Bet365,2026-08-22,Nice_v_Lorient_Ligue_1_OVER_2_5_2026-08-22,NO DATA,False,NO DATA — PENDING,,,,football-data.co.uk (no data),,False
Nice v Lorient (Ligue 1),Ligue 1,OVER_3_5,Over 3.5,0.32164184405957613,0,Bet365,2026-08-22,Nice_v_Lorient_Ligue_1_OVER_3_5_2026-08-22,NO DATA,False,NO DATA — PENDING,,,,football-data.co.uk (no data),,False
Nice v Lorient (Ligue 1),Ligue 1,BTTS_YES,BTTS Yes,0.5761394534129669,0,Bet365,2026-08-22,Nice_v_Lorient_Ligue_1_BTTS_YES_2026-08-22,NO DATA,False,NO DATA — PENDING,,,,football-data.co.uk (no data),,False
Nice v Lorient (Ligue 1),Ligue 1,BTTS_NO,BTTS No,0.4238605465870331,0,Bet365,2026-08-22,Nice_v_Lorient_Ligue_1_BTTS_NO_2026-08-22,NO DATA,False,NO DATA — PENDING,,,,football-data.co.uk (no data),,False
Toulouse v Lyon (Ligue 1),Ligue 1,1X2_HOME,Home Win,0.36696742101255486,0,Bet365,2026-08-22,Toulouse_v_Lyon_Ligue_1_1X2_HOME_2026-08-22,NO DATA,False,NO DATA — PENDING,,,,football-data.co.uk (no data),,False
Toulouse v Lyon (Ligue 1),Ligue 1,1X2_DRAW,Draw,0.26443049690006426,0,Bet365,2026-08-22,Toulouse_v_Lyon_Ligue_1_1X2_DRAW_2026-08-22,NO DATA,False,NO DATA — PENDING,,,,football-data.co.uk (no data),,False
Toulouse v Lyon (Ligue 1),Ligue 1,1X2_AWAY,Away Win,0.36860208208738104,0,Bet365,2026-08-22,Toulouse_v_Lyon_Ligue_1_1X2_AWAY_2026-08-22,NO DATA,False,NO DATA — PENDING,,,,football-data.co.uk (no data),,False
Toulouse v Lyon (Ligue 1),Ligue 1,OVER_1_5,Over 1.5,0.7332118494280461,0,Bet365,2026-08-22,Toulouse_v_Lyon_Ligue_1_OVER_1_5_2026-08-22,NO DATA,False,NO DATA — PENDING,,,,football-data.co.uk (no data),,False
Toulouse v Lyon (Ligue 1),Ligue 1,OVER_2_5,Over 2.5,0.4819517381342964,0,Bet365,2026-08-22,Toulouse_v_Lyon_Ligue_1_OVER_2_5_2026-08-22,NO DATA,False,NO DATA — PENDING,,,,football-data.co.uk (no data),,False
Toulouse v Lyon (Ligue 1),Ligue 1,OVER_3_5,Over 3.5,0.26432884536657747,0,Bet365,2026-08-22,Toulouse_v_Lyon_Ligue_1_OVER_3_5_2026-08-22,NO DATA,False,NO DATA — PENDING,,,,football-data.co.uk (no data),,False
Toulouse v Lyon (Ligue 1),Ligue 1,BTTS_YES,BTTS Yes,0.5298138007430512,0,Bet365,2026-08-22,Toulouse_v_Lyon_Ligue_1_BTTS_YES_2026-08-22,NO DATA,False,NO DATA — PENDING,,,,football-data.co.uk (no data),,False
Toulouse v Lyon (Ligue 1),Ligue 1,BTTS_NO,BTTS No,0.4701861992569488,0,Bet365,2026-08-22,Toulouse_v_Lyon_Ligue_1_BTTS_NO_2026-08-22,NO DATA,False,NO DATA — PENDING,,,,football-data.co.uk (no data),,False
Le Mans FC v Brest (Ligue 1),Ligue 1,1X2_HOME,Home Win,0.26380134637011066,0,,2026-08-22,Le_Mans_FC_v_Brest_Ligue_1_1X2_HOME_2026-08-22,NO DATA,False,NO DATA — PENDING,,,,football-data.co.uk (no data),,False
Le Mans FC v Brest (Ligue 1),Ligue 1,1X2_DRAW,Draw,0.2918516303811249,0,,2026-08-22,Le_Mans_FC_v_Brest_Ligue_1_1X2_DRAW_2026-08-22,NO DATA,False,NO DATA — PENDING,,,,football-data.co.uk (no data),,False
Le Mans FC v Brest (Ligue 1),Ligue 1,1X2_AWAY,Away Win,0.44434702324876446,0,,2026-08-22,Le_Mans_FC_v_Brest_Ligue_1_1X2_AWAY_2026-08-22,NO DATA,False,NO DATA — PENDING,,,,football-data.co.uk (no data),,False
Troyes v Paris FC (Ligue 1),Ligue 1,1X2_HOME,Home Win,0.28759472521548557,0,,2026-08-22,Troyes_v_Paris_FC_Ligue_1_1X2_HOME_2026-08-22,NO DATA,False,NO DATA — PENDING,,,,football-data.co.uk (no data),,False
Troyes v Paris FC (Ligue 1),Ligue 1,1X2_DRAW,Draw,0.301152216620076,0,,2026-08-22,Troyes_v_Paris_FC_Ligue_1_1X2_DRAW_2026-08-22,NO DATA,False,NO DATA — PENDING,,,,football-data.co.uk (no data),,False
Troyes v Paris FC (Ligue 1),Ligue 1,1X2_AWAY,Away Win,0.4112530581644384,0,,2026-08-22,Troyes_v_Paris_FC_Ligue_1_1X2_AWAY_2026-08-22,NO DATA,False,NO DATA — PENDING,,,,football-data.co.uk (no data),,False
Nantes v Rodez (Ligue 2),Ligue 2,1X2_HOME,Home Win,0.5249703085115394,0,,2026-08-22,Nantes_v_Rodez_Ligue_2_1X2_HOME_2026-08-22,NO DATA,False,NO DATA — PENDING,,,,football-data.co.uk (no data),,False
Nantes v Rodez (Ligue 2),Ligue 2,1X2_DRAW,Draw,0.2694346711893397,0,,2026-08-22,Nantes_v_Rodez_Ligue_2_1X2_DRAW_2026-08-22,NO DATA,False,NO DATA — PENDING,,,,football-data.co.uk (no data),,False
Nantes v Rodez (Ligue 2),Ligue 2,1X2_AWAY,Away Win,0.2055950202991209,0,,2026-08-22,Nantes_v_Rodez_Ligue_2_1X2_AWAY_2026-08-22,NO DATA,False,NO DATA — PENDING,,,,football-data.co.uk (no data),,False
Metz v Laval (Ligue 2),Ligue 2,1X2_HOME,Home Win,0.629011974044983,0,,2026-08-22,Metz_v_Laval_Ligue_2_1X2_HOME_2026-08-22,NO DATA,False,NO DATA — PENDING,,,,football-data.co.uk (no data),,False
Metz v Laval (Ligue 2),Ligue 2,1X2_DRAW,Draw,0.19805055119442358,0,,2026-08-22,Metz_v_Laval_Ligue_2_1X2_DRAW_2026-08-22,NO DATA,False,NO DATA — PENDING,,,,football-data.co.uk (no data),,False
Metz v Laval (Ligue 2),Ligue 2,1X2_AWAY,Away Win,0.17293747476059335,0,,2026-08-22,Metz_v_Laval_Ligue_2_1X2_AWAY_2026-08-22,NO DATA,False,NO DATA — PENDING,,,,football-data.co.uk (no data),,False
Metz v Laval (Ligue 2),Ligue 2,OVER_1_5,Over 1.5,0.7454237818580285,0,,2026-08-22,Metz_v_Laval_Ligue_2_OVER_1_5_2026-08-22,NO DATA,False,NO DATA — PENDING,,,,football-data.co.uk (no data),,False
Metz v Laval (Ligue 2),Ligue 2,OVER_2_5,Over 2.5,0.5124568950792339,0,,2026-08-22,Metz_v_Laval_Ligue_2_OVER_2_5_2026-08-22,NO DATA,False,NO DATA — PENDING,,,,football-data.co.uk (no data),,False
Metz v Laval (Ligue 2),Ligue 2,OVER_3_5,Over 3.5,0.29140503136118334,0,,2026-08-22,Metz_v_Laval_Ligue_2_OVER_3_5_2026-08-22,NO DATA,False,NO DATA — PENDING,,,,football-data.co.uk (no data),,False
Metz v Laval (Ligue 2),Ligue 2,BTTS_YES,BTTS Yes,0.47247336142952434,0,,2026-08-22,Metz_v_Laval_Ligue_2_BTTS_YES_2026-08-22,NO DATA,False,NO DATA — PENDING,,,,football-data.co.uk (no data),,False
Metz v Laval (Ligue 2),Ligue 2,BTTS_NO,BTTS No,0.5275266385704757,0,,2026-08-22,Metz_v_Laval_Ligue_2_BTTS_NO_2026-08-22,NO DATA,False,NO DATA — PENDING,,,,football-data.co.uk (no data),,False
Saint-Étienne v Grenoble (Ligue 2),Ligue 2,1X2_HOME,Home Win,0.5992824537786519,0,,2026-08-22,Saint-Étienne_v_Grenoble_Ligue_2_1X2_HOME_2026-08-22,NO DATA,False,NO DATA — PENDING,,,,football-data.co.uk (no data),,False
Saint-Étienne v Grenoble (Ligue 2),Ligue 2,1X2_DRAW,Draw,0.24851364847346372,0,,2026-08-22,Saint-Étienne_v_Grenoble_Ligue_2_1X2_DRAW_2026-08-22,NO DATA,False,NO DATA — PENDING,,,,football-data.co.uk (no data),,False
Saint-Étienne v Grenoble (Ligue 2),Ligue 2,1X2_AWAY,Away Win,0.15220389774788443,0,,2026-08-22,Saint-Étienne_v_Grenoble_Ligue_2_1X2_AWAY_2026-08-22,NO DATA,False,NO DATA — PENDING,,,,football-data.co.uk (no data),,False
Everton v Crystal Palace (Premier League),Premier League,1X2_HOME,Home Win,0.43764997951950635,0,Bet365,2026-08-22,Everton_v_Crystal_Palace_Premier_League_1X2_HOME_2026-08-22,NO DATA,False,NO DATA — PENDING,,,,football-data.co.uk (no data),,False
Everton v Crystal Palace (Premier League),Premier League,1X2_DRAW,Draw,0.3225092537778036,0,Bet365,2026-08-22,Everton_v_Crystal_Palace_Premier_League_1X2_DRAW_2026-08-22,NO DATA,False,NO DATA — PENDING,,,,football-data.co.uk (no data),,False
Everton v Crystal Palace (Premier League),Premier League,1X2_AWAY,Away Win,0.23984076670268994,0,Bet365,2026-08-22,Everton_v_Crystal_Palace_Premier_League_1X2_AWAY_2026-08-22,NO DATA,False,NO DATA — PENDING,,,,football-data.co.uk (no data),,False
Everton v Crystal Palace (Premier League),Premier League,OVER_1_5,Over 1.5,0.6764940081443248,0,Bet365,2026-08-22,Everton_v_Crystal_Palace_Premier_League_OVER_1_5_2026-08-22,NO DATA,False,NO DATA — PENDING,,,,football-data.co.uk (no data),,False
Everton v Crystal Palace (Premier League),Premier League,OVER_2_5,Over 2.5,0.3885146589192721,0,Bet365,2026-08-22,Everton_v_Crystal_Palace_Premier_League_OVER_2_5_2026-08-22,NO DATA,False,NO DATA — PENDING,,,,football-data.co.uk (no data),,False
Everton v Crystal Palace (Premier League),Premier League,OVER_3_5,Over 3.5,0.18896015524705137,0,Bet365,2026-08-22,Everton_v_Crystal_Palace_Premier_League_OVER_3_5_2026-08-22,NO DATA,False,NO DATA — PENDING,,,,football-data.co.uk (no data),,False
Everton v Crystal Palace (Premier League),Premier League,BTTS_YES,BTTS Yes,0.46226465184112975,0,Bet365,2026-08-22,Everton_v_Crystal_Palace_Premier_League_BTTS_YES_2026-08-22,NO DATA,False,NO DATA — PENDING,,,,football-data.co.uk (no data),,False
Everton v Crystal Palace (Premier League),Premier League,BTTS_NO,BTTS No,0.5377353481588703,0,Bet365,2026-08-22,Everton_v_Crystal_Palace_Premier_League_BTTS_NO_2026-08-22,NO DATA,False,NO DATA — PENDING,,,,football-data.co.uk (no data),,False
Ipswich v Sunderland (Premier League),Premier League,1X2_HOME,Home Win,0.3021394640507088,0,Bet365,2026-08-22,Ipswich_v_Sunderland_Premier_League_1X2_HOME_2026-08-22,NO DATA,False,NO DATA — PENDING,,,,football-data.co.uk (no data),,False
Ipswich v Sunderland (Premier League),Premier League,1X2_DRAW,Draw,0.3069260794236698,0,Bet365,2026-08-22,Ipswich_v_Sunderland_Premier_League_1X2_DRAW_2026-08-22,NO DATA,False,NO DATA — PENDING,,,,football-data.co.uk (no data),,False
Ipswich v Sunderland (Premier League),Premier League,1X2_AWAY,Away Win,0.3909344565256214,0,Bet365,2026-08-22,Ipswich_v_Sunderland_Premier_League_1X2_AWAY_2026-08-22,NO DATA,False,NO DATA — PENDING,,,,football-data.co.uk (no data),,False
Brentford v Tottenham (Premier League),Premier League,1X2_HOME,Home Win,0.5025275495172985,0,Bet365,2026-08-22,Brentford_v_Tottenham_Premier_League_1X2_HOME_2026-08-22,NO DATA,False,NO DATA — PENDING,,,,football-data.co.uk (no data),,False
Brentford v Tottenham (Premier League),Premier League,1X2_DRAW,Draw,0.27112720438241805,0,Bet365,2026-08-22,Brentford_v_Tottenham_Premier_League_1X2_DRAW_2026-08-22,NO DATA,False,NO DATA — PENDING,,,,football-data.co.uk (no data),,False
Brentford v Tottenham (Premier League),Premier League,1X2_AWAY,Away Win,0.22634524610028334,0,Bet365,2026-08-22,Brentford_v_Tottenham_Premier_League_1X2_AWAY_2026-08-22,NO DATA,False,NO DATA — PENDING,,,,football-data.co.uk (no data),,False
Brentford v Tottenham (Premier League),Premier League,OVER_1_5,Over 1.5,0.8008382751106683,0,Bet365,2026-08-22,Brentford_v_Tottenham_Premier_League_OVER_1_5_2026-08-22,NO DATA,False,NO DATA — PENDING,,,,football-data.co.uk (no data),,False
Brentford v Tottenham (Premier League),Premier League,OVER_2_5,Over 2.5,0.5503902563470426,0,Bet365,2026-08-22,Brentford_v_Tottenham_Premier_League_OVER_2_5_2026-08-22,NO DATA,False,NO DATA — PENDING,,,,football-data.co.uk (no data),,False
Brentford v Tottenham (Premier League),Premier League,OVER_3_5,Over 3.5,0.32686054883244964,0,Bet365,2026-08-22,Brentford_v_Tottenham_Premier_League_OVER_3_5_2026-08-22,NO DATA,False,NO DATA — PENDING,,,,football-data.co.uk (no data),,False
Brentford v Tottenham (Premier League),Premier League,BTTS_YES,BTTS Yes,0.5775947284200053,0,Bet365,2026-08-22,Brentford_v_Tottenham_Premier_League_BTTS_YES_2026-08-22,NO DATA,False,NO DATA — PENDING,,,,football-data.co.uk (no data),,False
Brentford v Tottenham (Premier League),Premier League,BTTS_NO,BTTS No,0.42240527157999475,0,Bet365,2026-08-22,Brentford_v_Tottenham_Premier_League_BTTS_NO_2026-08-22,NO DATA,False,NO DATA — PENDING,,,,football-data.co.uk (no data),,False
Nott'm Forest v Leeds (Premier League),Premier League,1X2_HOME,Home Win,0.4335508237317419,0,,2026-08-22,Nott'm_Forest_v_Leeds_Premier_League_1X2_HOME_2026-08-22,NO DATA,False,NO DATA — PENDING,,,,football-data.co.uk (no data),,False
Nott'm Forest v Leeds (Premier League),Premier League,1X2_DRAW,Draw,0.2967140411523939,0,,2026-08-22,Nott'm_Forest_v_Leeds_Premier_League_1X2_DRAW_2026-08-22,NO DATA,False,NO DATA — PENDING,,,,football-data.co.uk (no data),,False
Nott'm Forest v Leeds (Premier League),Premier League,1X2_AWAY,Away Win,0.269735135115864,0,,2026-08-22,Nott'm_Forest_v_Leeds_Premier_League_1X2_AWAY_2026-08-22,NO DATA,False,NO DATA — PENDING,,,,football-data.co.uk (no data),,False
Nott'm Forest v Leeds (Premier League),Premier League,OVER_1_5,Over 1.5,0.7590241798904527,0,,2026-08-22,Nott'm_Forest_v_Leeds_Premier_League_OVER_1_5_2026-08-22,NO DATA,False,NO DATA — PENDING,,,,football-data.co.uk (no data),,False
Nott'm Forest v Leeds (Premier League),Premier League,OVER_2_5,Over 2.5,0.4901997732246383,0,,2026-08-22,Nott'm_Forest_v_Leeds_Premier_League_OVER_2_5_2026-08-22,NO DATA,False,NO DATA — PENDING,,,,football-data.co.uk (no data),,False
Nott'm Forest v Leeds (Premier League),Premier League,OVER_3_5,Over 3.5,0.27152653517022085,0,,2026-08-22,Nott'm_Forest_v_Leeds_Premier_League_OVER_3_5_2026-08-22,NO DATA,False,NO DATA — PENDING,,,,football-data.co.uk (no data),,False
Nott'm Forest v Leeds (Premier League),Premier League,BTTS_YES,BTTS Yes,0.547440425918108,0,,2026-08-22,Nott'm_Forest_v_Leeds_Premier_League_BTTS_YES_2026-08-22,NO DATA,False,NO DATA — PENDING,,,,football-data.co.uk (no data),,False
Nott'm Forest v Leeds (Premier League),Premier League,BTTS_NO,BTTS No,0.45255957408189196,0,,2026-08-22,Nott'm_Forest_v_Leeds_Premier_League_BTTS_NO_2026-08-22,NO DATA,False,NO DATA — PENDING,,,,football-data.co.uk (no data),,False
Estoril v Rio Ave (Primeira Liga),Primeira Liga,1X2_HOME,Home Win,0.6118951420511196,0,Bet365,2026-08-22,Estoril_v_Rio_Ave_Primeira_Liga_1X2_HOME_2026-08-22,NO DATA,False,NO DATA — PENDING,,,,football-data.co.uk (no data),,False
Estoril v Rio Ave (Primeira Liga),Primeira Liga,1X2_DRAW,Draw,0.19823011728286474,0,Bet365,2026-08-22,Estoril_v_Rio_Ave_Primeira_Liga_1X2_DRAW_2026-08-22,NO DATA,False,NO DATA — PENDING,,,,football-data.co.uk (no data),,False
Estoril v Rio Ave (Primeira Liga),Primeira Liga,1X2_AWAY,Away Win,0.18987474066601565,0,Bet365,2026-08-22,Estoril_v_Rio_Ave_Primeira_Liga_1X2_AWAY_2026-08-22,NO DATA,False,NO DATA — PENDING,,,,football-data.co.uk (no data),,False
Estoril v Rio Ave (Primeira Liga),Primeira Liga,OVER_1_5,Over 1.5,0.854335661354158,0,Bet365,2026-08-22,Estoril_v_Rio_Ave_Primeira_Liga_OVER_1_5_2026-08-22,NO DATA,False,NO DATA — PENDING,,,,football-data.co.uk (no data),,False
Estoril v Rio Ave (Primeira Liga),Primeira Liga,OVER_2_5,Over 2.5,0.6610066721194673,0,Bet365,2026-08-22,Estoril_v_Rio_Ave_Primeira_Liga_OVER_2_5_2026-08-22,NO DATA,False,NO DATA — PENDING,,,,football-data.co.uk (no data),,False
Estoril v Rio Ave (Primeira Liga),Primeira Liga,OVER_3_5,Over 3.5,0.4424856469637503,0,Bet365,2026-08-22,Estoril_v_Rio_Ave_Primeira_Liga_OVER_3_5_2026-08-22,NO DATA,False,NO DATA — PENDING,,,,football-data.co.uk (no data),,False
Estoril v Rio Ave (Primeira Liga),Primeira Liga,BTTS_YES,BTTS Yes,0.6171950872800103,0,Bet365,2026-08-22,Estoril_v_Rio_Ave_Primeira_Liga_BTTS_YES_2026-08-22,NO DATA,False,NO DATA — PENDING,,,,football-data.co.uk (no data),,False
Estoril v Rio Ave (Primeira Liga),Primeira Liga,BTTS_NO,BTTS No,0.38280491271998973,0,Bet365,2026-08-22,Estoril_v_Rio_Ave_Primeira_Liga_BTTS_NO_2026-08-22,NO DATA,False,NO DATA — PENDING,,,,football-data.co.uk (no data),,False
Sporting v Alverca (Primeira Liga),Primeira Liga,1X2_HOME,Home Win,0.8368141512963344,1.25,SportyBet Nigeria,2026-08-22,Sporting_v_Alverca_Primeira_Liga_1X2_HOME_2026-08-22,NO DATA,False,NO DATA — PENDING,,,,football-data.co.uk (no data),,False
Sporting v Alverca (Primeira Liga),Primeira Liga,1X2_DRAW,Draw,0.15150023700892531,0,SportyBet Nigeria,2026-08-22,Sporting_v_Alverca_Primeira_Liga_1X2_DRAW_2026-08-22,NO DATA,False,NO DATA — PENDING,,,,football-data.co.uk (no data),,False
Sporting v Alverca (Primeira Liga),Primeira Liga,1X2_AWAY,Away Win,0.011685611694740215,0,SportyBet Nigeria,2026-08-22,Sporting_v_Alverca_Primeira_Liga_1X2_AWAY_2026-08-22,NO DATA,False,NO DATA — PENDING,,,,football-data.co.uk (no data),,False
Fakel v FC Orenburg (Russian Premier League),Russian Premier League,1X2_HOME,Home Win,0.2569291297574373,0,Marathonbet,2026-08-22,Fakel_v_FC_Orenburg_Russian_Premier_League_1X2_HOME_2026-08-22,NO DATA,False,NO DATA — PENDING,,,,football-data.co.uk (no data),,False
Fakel v FC Orenburg (Russian Premier League),Russian Premier League,1X2_DRAW,Draw,0.42861762490062155,0,Marathonbet,2026-08-22,Fakel_v_FC_Orenburg_Russian_Premier_League_1X2_DRAW_2026-08-22,NO DATA,False,NO DATA — PENDING,,,,football-data.co.uk (no data),,False
Fakel v FC Orenburg (Russian Premier League),Russian Premier League,1X2_AWAY,Away Win,0.3144532453419411,0,Marathonbet,2026-08-22,Fakel_v_FC_Orenburg_Russian_Premier_League_1X2_AWAY_2026-08-22,NO DATA,False,NO DATA — PENDING,,,,football-data.co.uk (no data),,False
Fakel v FC Orenburg (Russian Premier League),Russian Premier League,OVER_1_5,Over 1.5,0.49605788074591134,0,Marathonbet,2026-08-22,Fakel_v_FC_Orenburg_Russian_Premier_League_OVER_1_5_2026-08-22,NO DATA,False,NO DATA — PENDING,,,,football-data.co.uk (no data),,False
Fakel v FC Orenburg (Russian Premier League),Russian Premier League,OVER_2_5,Over 2.5,0.205552866134855,0,Marathonbet,2026-08-22,Fakel_v_FC_Orenburg_Russian_Premier_League_OVER_2_5_2026-08-22,NO DATA,False,NO DATA — PENDING,,,,football-data.co.uk (no data),,False
Fakel v FC Orenburg (Russian Premier League),Russian Premier League,OVER_3_5,Over 3.5,0.07297913645092732,0,Marathonbet,2026-08-22,Fakel_v_FC_Orenburg_Russian_Premier_League_OVER_3_5_2026-08-22,NO DATA,False,NO DATA — PENDING,,,,football-data.co.uk (no data),,False
Fakel v FC Orenburg (Russian Premier League),Russian Premier League,BTTS_YES,BTTS Yes,0.32644427385507,0,Marathonbet,2026-08-22,Fakel_v_FC_Orenburg_Russian_Premier_League_BTTS_YES_2026-08-22,NO DATA,False,NO DATA — PENDING,,,,football-data.co.uk (no data),,False
Fakel v FC Orenburg (Russian Premier League),Russian Premier League,BTTS_NO,BTTS No,0.67355572614493,0,Marathonbet,2026-08-22,Fakel_v_FC_Orenburg_Russian_Premier_League_BTTS_NO_2026-08-22,NO DATA,False,NO DATA — PENDING,,,,football-data.co.uk (no data),,False
Akhmat v FC Rostov (Russian Premier League),Russian Premier League,1X2_HOME,Home Win,0.269667750368512,0,Marathonbet,2026-08-22,Akhmat_v_FC_Rostov_Russian_Premier_League_1X2_HOME_2026-08-22,NO DATA,False,NO DATA — PENDING,,,,football-data.co.uk (no data),,False
Akhmat v FC Rostov (Russian Premier League),Russian Premier League,1X2_DRAW,Draw,0.33298032851076526,0,Marathonbet,2026-08-22,Akhmat_v_FC_Rostov_Russian_Premier_League_1X2_DRAW_2026-08-22,NO DATA,False,NO DATA — PENDING,,,,football-data.co.uk (no data),,False
Akhmat v FC Rostov (Russian Premier League),Russian Premier League,1X2_AWAY,Away Win,0.39735192112072293,0,Marathonbet,2026-08-22,Akhmat_v_FC_Rostov_Russian_Premier_League_1X2_AWAY_2026-08-22,NO DATA,False,NO DATA — PENDING,,,,football-data.co.uk (no data),,False
Akhmat v FC Rostov (Russian Premier League),Russian Premier League,OVER_1_5,Over 1.5,0.7577117864053071,0,Marathonbet,2026-08-22,Akhmat_v_FC_Rostov_Russian_Premier_League_OVER_1_5_2026-08-22,NO DATA,False,NO DATA — PENDING,,,,football-data.co.uk (no data),,False
Akhmat v FC Rostov (Russian Premier League),Russian Premier League,OVER_2_5,Over 2.5,0.46938927541805053,0,Marathonbet,2026-08-22,Akhmat_v_FC_Rostov_Russian_Premier_League_OVER_2_5_2026-08-22,NO DATA,False,NO DATA — PENDING,,,,football-data.co.uk (no data),,False
Akhmat v FC Rostov (Russian Premier League),Russian Premier League,OVER_3_5,Over 3.5,0.2535394073537335,0,Marathonbet,2026-08-22,Akhmat_v_FC_Rostov_Russian_Premier_League_OVER_3_5_2026-08-22,NO DATA,False,NO DATA — PENDING,,,,football-data.co.uk (no data),,False
Akhmat v FC Rostov (Russian Premier League),Russian Premier League,BTTS_YES,BTTS Yes,0.5489863620719186,1.89,Marathonbet,2026-08-22,Akhmat_v_FC_Rostov_Russian_Premier_League_BTTS_YES_2026-08-22,NO DATA,False,NO DATA — PENDING,,,,football-data.co.uk (no data),,False
Akhmat v FC Rostov (Russian Premier League),Russian Premier League,BTTS_NO,BTTS No,0.45101363792808136,0,Marathonbet,2026-08-22,Akhmat_v_FC_Rostov_Russian_Premier_League_BTTS_NO_2026-08-22,NO DATA,False,NO DATA — PENDING,,,,football-data.co.uk (no data),,False
CSKA Moscow v Lokomotiv (Russian Premier League),Russian Premier League,1X2_HOME,Home Win,0.5628805119455593,0,Marathonbet,2026-08-22,CSKA_Moscow_v_Lokomotiv_Russian_Premier_League_1X2_HOME_2026-08-22,NO DATA,False,NO DATA — PENDING,,,,football-data.co.uk (no data),,False
CSKA Moscow v Lokomotiv (Russian Premier League),Russian Premier League,1X2_DRAW,Draw,0.3001957209934094,0,Marathonbet,2026-08-22,CSKA_Moscow_v_Lokomotiv_Russian_Premier_League_1X2_DRAW_2026-08-22,NO DATA,False,NO DATA — PENDING,,,,football-data.co.uk (no data),,False
CSKA Moscow v Lokomotiv (Russian Premier League),Russian Premier League,1X2_AWAY,Away Win,0.1369237670610313,0,Marathonbet,2026-08-22,CSKA_Moscow_v_Lokomotiv_Russian_Premier_League_1X2_AWAY_2026-08-22,NO DATA,False,NO DATA — PENDING,,,,football-data.co.uk (no data),,False
CSKA Moscow v Lokomotiv (Russian Premier League),Russian Premier League,OVER_1_5,Over 1.5,0.7332037849722862,0,Marathonbet,2026-08-22,CSKA_Moscow_v_Lokomotiv_Russian_Premier_League_OVER_1_5_2026-08-22,NO DATA,False,NO DATA — PENDING,,,,football-data.co.uk (no data),,False
CSKA Moscow v Lokomotiv (Russian Premier League),Russian Premier League,OVER_2_5,Over 2.5,0.44363489351150937,0,Marathonbet,2026-08-22,CSKA_Moscow_v_Lokomotiv_Russian_Premier_League_OVER_2_5_2026-08-22,NO DATA,False,NO DATA — PENDING,,,,football-data.co.uk (no data),,False
CSKA Moscow v Lokomotiv (Russian Premier League),Russian Premier League,OVER_3_5,Over 3.5,0.23206538899565088,0,Marathonbet,2026-08-22,CSKA_Moscow_v_Lokomotiv_Russian_Premier_League_OVER_3_5_2026-08-22,NO DATA,False,NO DATA — PENDING,,,,football-data.co.uk (no data),,False
CSKA Moscow v Lokomotiv (Russian Premier League),Russian Premier League,BTTS_YES,BTTS Yes,0.4665293004685217,0,Marathonbet,2026-08-22,CSKA_Moscow_v_Lokomotiv_Russian_Premier_League_BTTS_YES_2026-08-22,NO DATA,False,NO DATA — PENDING,,,,football-data.co.uk (no data),,False
CSKA Moscow v Lokomotiv (Russian Premier League),Russian Premier League,BTTS_NO,BTTS No,0.5334706995314783,0,Marathonbet,2026-08-22,CSKA_Moscow_v_Lokomotiv_Russian_Premier_League_BTTS_NO_2026-08-22,NO DATA,False,NO DATA — PENDING,,,,football-data.co.uk (no data),,False
Rangers v ST Mirren (Scottish Premiership),Scottish Premiership,1X2_HOME,Home Win,0.7802062196426097,0,Marathonbet,2026-08-22,Rangers_v_ST_Mirren_Scottish_Premiership_1X2_HOME_2026-08-22,NO DATA,False,NO DATA — PENDING,,,,football-data.co.uk (no data),,False
Rangers v ST Mirren (Scottish Premiership),Scottish Premiership,1X2_DRAW,Draw,0.19047126515878582,0,Marathonbet,2026-08-22,Rangers_v_ST_Mirren_Scottish_Premiership_1X2_DRAW_2026-08-22,NO DATA,False,NO DATA — PENDING,,,,football-data.co.uk (no data),,False
Rangers v ST Mirren (Scottish Premiership),Scottish Premiership,1X2_AWAY,Away Win,0.02932251519860446,0,Marathonbet,2026-08-22,Rangers_v_ST_Mirren_Scottish_Premiership_1X2_AWAY_2026-08-22,NO DATA,False,NO DATA — PENDING,,,,football-data.co.uk (no data),,False
ST Johnstone v Celtic (Scottish Premiership),Scottish Premiership,1X2_HOME,Home Win,0.05178179903576008,0,William Hill,2026-08-22,ST_Johnstone_v_Celtic_Scottish_Premiership_1X2_HOME_2026-08-22,NO DATA,False,NO DATA — PENDING,,,,football-data.co.uk (no data),,False
ST Johnstone v Celtic (Scottish Premiership),Scottish Premiership,1X2_DRAW,Draw,0.2032963808287127,0,William Hill,2026-08-22,ST_Johnstone_v_Celtic_Scottish_Premiership_1X2_DRAW_2026-08-22,NO DATA,False,NO DATA — PENDING,,,,football-data.co.uk (no data),,False
ST Johnstone v Celtic (Scottish Premiership),Scottish Premiership,1X2_AWAY,Away Win,0.7449218201355272,0,William Hill,2026-08-22,ST_Johnstone_v_Celtic_Scottish_Premiership_1X2_AWAY_2026-08-22,NO DATA,False,NO DATA — PENDING,,,,football-data.co.uk (no data),,False
Dundee United v Dundee (Scottish Premiership),Scottish Premiership,1X2_HOME,Home Win,0.5004493602094154,0,,2026-08-22,Dundee_United_v_Dundee_Scottish_Premiership_1X2_HOME_2026-08-22,NO DATA,False,NO DATA — PENDING,,,,football-data.co.uk (no data),,False
Dundee United v Dundee (Scottish Premiership),Scottish Premiership,1X2_DRAW,Draw,0.2679104633823606,0,,2026-08-22,Dundee_United_v_Dundee_Scottish_Premiership_1X2_DRAW_2026-08-22,NO DATA,False,NO DATA — PENDING,,,,football-data.co.uk (no data),,False
Dundee United v Dundee (Scottish Premiership),Scottish Premiership,1X2_AWAY,Away Win,0.23164017640822399,0,,2026-08-22,Dundee_United_v_Dundee_Scottish_Premiership_1X2_AWAY_2026-08-22,NO DATA,False,NO DATA — PENDING,,,,football-data.co.uk (no data),,False
Dundee United v Dundee (Scottish Premiership),Scottish Premiership,OVER_1_5,Over 1.5,0.7784549588924242,0,,2026-08-22,Dundee_United_v_Dundee_Scottish_Premiership_OVER_1_5_2026-08-22,NO DATA,False,NO DATA — PENDING,,,,football-data.co.uk (no data),,False
Dundee United v Dundee (Scottish Premiership),Scottish Premiership,OVER_2_5,Over 2.5,0.5252126649842256,0,,2026-08-22,Dundee_United_v_Dundee_Scottish_Premiership_OVER_2_5_2026-08-22,NO DATA,False,NO DATA — PENDING,,,,football-data.co.uk (no data),,False
Dundee United v Dundee (Scottish Premiership),Scottish Premiership,OVER_3_5,Over 3.5,0.3031038945171977,0,,2026-08-22,Dundee_United_v_Dundee_Scottish_Premiership_OVER_3_5_2026-08-22,NO DATA,False,NO DATA — PENDING,,,,football-data.co.uk (no data),,False
Dundee United v Dundee (Scottish Premiership),Scottish Premiership,BTTS_YES,BTTS Yes,0.5542554513566245,0,,2026-08-22,Dundee_United_v_Dundee_Scottish_Premiership_BTTS_YES_2026-08-22,NO DATA,False,NO DATA — PENDING,,,,football-data.co.uk (no data),,False
Dundee United v Dundee (Scottish Premiership),Scottish Premiership,BTTS_NO,BTTS No,0.44574454864337554,0,,2026-08-22,Dundee_United_v_Dundee_Scottish_Premiership_BTTS_NO_2026-08-22,NO DATA,False,NO DATA — PENDING,,,,football-data.co.uk (no data),,False
Udinese v Como (Serie A),Serie A,1X2_HOME,Home Win,0.18102289271534394,0,Bet365,2026-08-22,Udinese_v_Como_Serie_A_1X2_HOME_2026-08-22,NO DATA,False,NO DATA — PENDING,,,,football-data.co.uk (no data),,False
Udinese v Como (Serie A),Serie A,1X2_DRAW,Draw,0.239914438385534,0,Bet365,2026-08-22,Udinese_v_Como_Serie_A_1X2_DRAW_2026-08-22,NO DATA,False,NO DATA — PENDING,,,,football-data.co.uk (no data),,False
Udinese v Como (Serie A),Serie A,1X2_AWAY,Away Win,0.5790626688991218,0,Bet365,2026-08-22,Udinese_v_Como_Serie_A_1X2_AWAY_2026-08-22,NO DATA,False,NO DATA — PENDING,,,,football-data.co.uk (no data),,False
Udinese v Como (Serie A),Serie A,OVER_1_5,Over 1.5,0.7038815576813171,0,Bet365,2026-08-22,Udinese_v_Como_Serie_A_OVER_1_5_2026-08-22,NO DATA,False,NO DATA — PENDING,,,,football-data.co.uk (no data),,False
Udinese v Como (Serie A),Serie A,OVER_2_5,Over 2.5,0.44691196186841753,0,Bet365,2026-08-22,Udinese_v_Como_Serie_A_OVER_2_5_2026-08-22,NO DATA,False,NO DATA — PENDING,,,,football-data.co.uk (no data),,False
Udinese v Como (Serie A),Serie A,OVER_3_5,Over 3.5,0.23475007132349865,0,Bet365,2026-08-22,Udinese_v_Como_Serie_A_OVER_3_5_2026-08-22,NO DATA,False,NO DATA — PENDING,,,,football-data.co.uk (no data),,False
Udinese v Como (Serie A),Serie A,BTTS_YES,BTTS Yes,0.4459422370587811,0,Bet365,2026-08-22,Udinese_v_Como_Serie_A_BTTS_YES_2026-08-22,NO DATA,False,NO DATA — PENDING,,,,football-data.co.uk (no data),,False
Udinese v Como (Serie A),Serie A,BTTS_NO,BTTS No,0.5540577629412189,0,Bet365,2026-08-22,Udinese_v_Como_Serie_A_BTTS_NO_2026-08-22,NO DATA,False,NO DATA — PENDING,,,,football-data.co.uk (no data),,False
Inter v Monza (Serie A),Serie A,1X2_HOME,Home Win,0.8565330267448714,0,Bet365,2026-08-22,Inter_v_Monza_Serie_A_1X2_HOME_2026-08-22,NO DATA,False,NO DATA — PENDING,,,,football-data.co.uk (no data),,False
Inter v Monza (Serie A),Serie A,1X2_DRAW,Draw,0.10894676153428272,0,Bet365,2026-08-22,Inter_v_Monza_Serie_A_1X2_DRAW_2026-08-22,NO DATA,False,NO DATA — PENDING,,,,football-data.co.uk (no data),,False
Inter v Monza (Serie A),Serie A,1X2_AWAY,Away Win,0.03452021172084585,0,Bet365,2026-08-22,Inter_v_Monza_Serie_A_1X2_AWAY_2026-08-22,NO DATA,False,NO DATA — PENDING,,,,football-data.co.uk (no data),,False
Inter v Monza (Serie A),Serie A,OVER_1_5,Over 1.5,0.8690096987998392,0,Bet365,2026-08-22,Inter_v_Monza_Serie_A_OVER_1_5_2026-08-22,NO DATA,False,NO DATA — PENDING,,,,football-data.co.uk (no data),,False
Inter v Monza (Serie A),Serie A,OVER_2_5,Over 2.5,0.6789234836500321,0,Bet365,2026-08-22,Inter_v_Monza_Serie_A_OVER_2_5_2026-08-22,NO DATA,False,NO DATA — PENDING,,,,football-data.co.uk (no data),,False
Inter v Monza (Serie A),Serie A,OVER_3_5,Over 3.5,0.46305524649355545,0,Bet365,2026-08-22,Inter_v_Monza_Serie_A_OVER_3_5_2026-08-22,NO DATA,False,NO DATA — PENDING,,,,football-data.co.uk (no data),,False
Inter v Monza (Serie A),Serie A,BTTS_YES,BTTS Yes,0.39087900985825097,0,Bet365,2026-08-22,Inter_v_Monza_Serie_A_BTTS_YES_2026-08-22,NO DATA,False,NO DATA — PENDING,,,,football-data.co.uk (no data),,False
Inter v Monza (Serie A),Serie A,BTTS_NO,BTTS No,0.609120990141749,1.57,Bet365,2026-08-22,Inter_v_Monza_Serie_A_BTTS_NO_2026-08-22,NO DATA,False,NO DATA — PENDING,,,,football-data.co.uk (no data),,False
Genoa v Napoli (Serie A),Serie A,1X2_HOME,Home Win,0.2175978620459425,0,Bet365,2026-08-22,Genoa_v_Napoli_Serie_A_1X2_HOME_2026-08-22,NO DATA,False,NO DATA — PENDING,,,,football-data.co.uk (no data),,False
Genoa v Napoli (Serie A),Serie A,1X2_DRAW,Draw,0.2499819587239871,0,Bet365,2026-08-22,Genoa_v_Napoli_Serie_A_1X2_DRAW_2026-08-22,NO DATA,False,NO DATA — PENDING,,,,football-data.co.uk (no data),,False
Genoa v Napoli (Serie A),Serie A,1X2_AWAY,Away Win,0.5324201792300707,0,Bet365,2026-08-22,Genoa_v_Napoli_Serie_A_1X2_AWAY_2026-08-22,NO DATA,False,NO DATA — PENDING,,,,football-data.co.uk (no data),,False
Genoa v Napoli (Serie A),Serie A,OVER_1_5,Over 1.5,0.7076102921639263,0,Bet365,2026-08-22,Genoa_v_Napoli_Serie_A_OVER_1_5_2026-08-22,NO DATA,False,NO DATA — PENDING,,,,football-data.co.uk (no data),,False
Genoa v Napoli (Serie A),Serie A,OVER_2_5,Over 2.5,0.4516071722754639,0,Bet365,2026-08-22,Genoa_v_Napoli_Serie_A_OVER_2_5_2026-08-22,NO DATA,False,NO DATA — PENDING,,,,football-data.co.uk (no data),,False
Genoa v Napoli (Serie A),Serie A,OVER_3_5,Over 3.5,0.23862077615039629,0,Bet365,2026-08-22,Genoa_v_Napoli_Serie_A_OVER_3_5_2026-08-22,NO DATA,False,NO DATA — PENDING,,,,football-data.co.uk (no data),,False
Genoa v Napoli (Serie A),Serie A,BTTS_YES,BTTS Yes,0.4711086477139036,0,Bet365,2026-08-22,Genoa_v_Napoli_Serie_A_BTTS_YES_2026-08-22,NO DATA,False,NO DATA — PENDING,,,,football-data.co.uk (no data),,False
Genoa v Napoli (Serie A),Serie A,BTTS_NO,BTTS No,0.5288913522860964,0,Bet365,2026-08-22,Genoa_v_Napoli_Serie_A_BTTS_NO_2026-08-22,NO DATA,False,NO DATA — PENDING,,,,football-data.co.uk (no data),,False
Parma v Cagliari (Serie A),Serie A,1X2_HOME,Home Win,0.3143771025633936,0,Bet365,2026-08-22,Parma_v_Cagliari_Serie_A_1X2_HOME_2026-08-22,NO DATA,False,NO DATA — PENDING,,,,football-data.co.uk (no data),,False
Parma v Cagliari (Serie A),Serie A,1X2_DRAW,Draw,0.317374084488667,0,Bet365,2026-08-22,Parma_v_Cagliari_Serie_A_1X2_DRAW_2026-08-22,NO DATA,False,NO DATA — PENDING,,,,football-data.co.uk (no data),,False
Parma v Cagliari (Serie A),Serie A,1X2_AWAY,Away Win,0.3682488129479395,0,Bet365,2026-08-22,Parma_v_Cagliari_Serie_A_1X2_AWAY_2026-08-22,NO DATA,False,NO DATA — PENDING,,,,football-data.co.uk (no data),,False
Parma v Cagliari (Serie A),Serie A,OVER_1_5,Over 1.5,0.5565921618853428,0,Bet365,2026-08-22,Parma_v_Cagliari_Serie_A_OVER_1_5_2026-08-22,NO DATA,False,NO DATA — PENDING,,,,football-data.co.uk (no data),,False
Parma v Cagliari (Serie A),Serie A,OVER_2_5,Over 2.5,0.28867538582601376,0,Bet365,2026-08-22,Parma_v_Cagliari_Serie_A_OVER_2_5_2026-08-22,NO DATA,False,NO DATA — PENDING,,,,football-data.co.uk (no data),,False
Parma v Cagliari (Serie A),Serie A,OVER_3_5,Over 3.5,0.12051746687824424,0,Bet365,2026-08-22,Parma_v_Cagliari_Serie_A_OVER_3_5_2026-08-22,NO DATA,False,NO DATA — PENDING,,,,football-data.co.uk (no data),,False
Parma v Cagliari (Serie A),Serie A,BTTS_YES,BTTS Yes,0.3668050534920215,0,Bet365,2026-08-22,Parma_v_Cagliari_Serie_A_BTTS_YES_2026-08-22,NO DATA,False,NO DATA — PENDING,,,,football-data.co.uk (no data),,False
Parma v Cagliari (Serie A),Serie A,BTTS_NO,BTTS No,0.6331949465079785,0,Bet365,2026-08-22,Parma_v_Cagliari_Serie_A_BTTS_NO_2026-08-22,NO DATA,False,NO DATA — PENDING,,,,football-data.co.uk (no data),,False
Udinese v Como 1907 (Serie A),Serie A,1X2_HOME,Home Win,0.1810229870493369,0,SportyBet Nigeria,2026-08-22,Udinese_v_Como_1907_Serie_A_1X2_HOME_2026-08-22,NO DATA,False,NO DATA — PENDING,,,,football-data.co.uk (no data),,False
Udinese v Como 1907 (Serie A),Serie A,1X2_DRAW,Draw,0.23991449203102147,0,SportyBet Nigeria,2026-08-22,Udinese_v_Como_1907_Serie_A_1X2_DRAW_2026-08-22,NO DATA,False,NO DATA — PENDING,,,,football-data.co.uk (no data),,False
Udinese v Como 1907 (Serie A),Serie A,1X2_AWAY,Away Win,0.5790625209196416,1.88,SportyBet Nigeria,2026-08-22,Udinese_v_Como_1907_Serie_A_1X2_AWAY_2026-08-22,NO DATA,False,NO DATA — PENDING,,,,football-data.co.uk (no data),,False
Udinese v Como 1907 (Serie A),Serie A,OVER_1_5,Over 1.5,0.7038814987716827,0,SportyBet Nigeria,2026-08-22,Udinese_v_Como_1907_Serie_A_OVER_1_5_2026-08-22,NO DATA,False,NO DATA — PENDING,,,,football-data.co.uk (no data),,False
Udinese v Como 1907 (Serie A),Serie A,OVER_2_5,Over 2.5,0.4469118896487499,0,SportyBet Nigeria,2026-08-22,Udinese_v_Como_1907_Serie_A_OVER_2_5_2026-08-22,NO DATA,False,NO DATA — PENDING,,,,football-data.co.uk (no data),,False
Udinese v Como 1907 (Serie A),Serie A,OVER_3_5,Over 3.5,0.23475001200886322,0,SportyBet Nigeria,2026-08-22,Udinese_v_Como_1907_Serie_A_OVER_3_5_2026-08-22,NO DATA,False,NO DATA — PENDING,,,,football-data.co.uk (no data),,False
Udinese v Como 1907 (Serie A),Serie A,BTTS_YES,BTTS Yes,0.445942248752382,0,SportyBet Nigeria,2026-08-22,Udinese_v_Como_1907_Serie_A_BTTS_YES_2026-08-22,NO DATA,False,NO DATA — PENDING,,,,football-data.co.uk (no data),,False
Udinese v Como 1907 (Serie A),Serie A,BTTS_NO,BTTS No,0.554057751247618,0,SportyBet Nigeria,2026-08-22,Udinese_v_Como_1907_Serie_A_BTTS_NO_2026-08-22,NO DATA,False,NO DATA — PENDING,,,,football-data.co.uk (no data),,False
FC Luzern v Lausanne (Swiss Super League),Swiss Super League,1X2_HOME,Home Win,0.48217515680777234,0,Bet365,2026-08-22,FC_Luzern_v_Lausanne_Swiss_Super_League_1X2_HOME_2026-08-22,NO DATA,False,NO DATA — PENDING,,,,football-data.co.uk (no data),,False
FC Luzern v Lausanne (Swiss Super League),Swiss Super League,1X2_DRAW,Draw,0.2813192118716154,0,Bet365,2026-08-22,FC_Luzern_v_Lausanne_Swiss_Super_League_1X2_DRAW_2026-08-22,NO DATA,False,NO DATA — PENDING,,,,football-data.co.uk (no data),,False
FC Luzern v Lausanne (Swiss Super League),Swiss Super League,1X2_AWAY,Away Win,0.23650563132061225,0,Bet365,2026-08-22,FC_Luzern_v_Lausanne_Swiss_Super_League_1X2_AWAY_2026-08-22,NO DATA,False,NO DATA — PENDING,,,,football-data.co.uk (no data),,False
Rizespor v Samsunspor (Turkish Super Lig),Turkish Super Lig,1X2_HOME,Home Win,0.32344212299400754,0,Bet365,2026-08-22,Rizespor_v_Samsunspor_Turkish_Super_Lig_1X2_HOME_2026-08-22,NO DATA,False,NO DATA — PENDING,,,,football-data.co.uk (no data),,False
Rizespor v Samsunspor (Turkish Super Lig),Turkish Super Lig,1X2_DRAW,Draw,0.2753124709636349,0,Bet365,2026-08-22,Rizespor_v_Samsunspor_Turkish_Super_Lig_1X2_DRAW_2026-08-22,NO DATA,False,NO DATA — PENDING,,,,football-data.co.uk (no data),,False
Rizespor v Samsunspor (Turkish Super Lig),Turkish Super Lig,1X2_AWAY,Away Win,0.4012454060423575,0,Bet365,2026-08-22,Rizespor_v_Samsunspor_Turkish_Super_Lig_1X2_AWAY_2026-08-22,NO DATA,False,NO DATA — PENDING,,,,football-data.co.uk (no data),,False
Rizespor v Samsunspor (Turkish Super Lig),Turkish Super Lig,OVER_1_5,Over 1.5,0.7612045755106884,1.25,Bet365,2026-08-22,Rizespor_v_Samsunspor_Turkish_Super_Lig_OVER_1_5_2026-08-22,NO DATA,False,NO DATA — PENDING,,,,football-data.co.uk (no data),,False
Rizespor v Samsunspor (Turkish Super Lig),Turkish Super Lig,OVER_2_5,Over 2.5,0.5072703523624299,0,Bet365,2026-08-22,Rizespor_v_Samsunspor_Turkish_Super_Lig_OVER_2_5_2026-08-22,NO DATA,False,NO DATA — PENDING,,,,football-data.co.uk (no data),,False
Rizespor v Samsunspor (Turkish Super Lig),Turkish Super Lig,OVER_3_5,Over 3.5,0.28671360202918317,0,Bet365,2026-08-22,Rizespor_v_Samsunspor_Turkish_Super_Lig_OVER_3_5_2026-08-22,NO DATA,False,NO DATA — PENDING,,,,football-data.co.uk (no data),,False
Rizespor v Samsunspor (Turkish Super Lig),Turkish Super Lig,BTTS_YES,BTTS Yes,0.5567776985475288,0,Bet365,2026-08-22,Rizespor_v_Samsunspor_Turkish_Super_Lig_BTTS_YES_2026-08-22,NO DATA,False,NO DATA — PENDING,,,,football-data.co.uk (no data),,False
Rizespor v Samsunspor (Turkish Super Lig),Turkish Super Lig,BTTS_NO,BTTS No,0.4432223014524712,0,Bet365,2026-08-22,Rizespor_v_Samsunspor_Turkish_Super_Lig_BTTS_NO_2026-08-22,NO DATA,False,NO DATA — PENDING,,,,football-data.co.uk (no data),,False
Fenerbahçe v Konyaspor (Turkish Super Lig),Turkish Super Lig,1X2_HOME,Home Win,0.7495010303718641,1.32,Bet365,2026-08-22,Fenerbahçe_v_Konyaspor_Turkish_Super_Lig_1X2_HOME_2026-08-22,NO DATA,False,NO DATA — PENDING,,,,football-data.co.uk (no data),,False
Fenerbahçe v Konyaspor (Turkish Super Lig),Turkish Super Lig,1X2_DRAW,Draw,0.15979979582367868,0,Bet365,2026-08-22,Fenerbahçe_v_Konyaspor_Turkish_Super_Lig_1X2_DRAW_2026-08-22,NO DATA,False,NO DATA — PENDING,,,,football-data.co.uk (no data),,False
Fenerbahçe v Konyaspor (Turkish Super Lig),Turkish Super Lig,1X2_AWAY,Away Win,0.09069917380445724,0,Bet365,2026-08-22,Fenerbahçe_v_Konyaspor_Turkish_Super_Lig_1X2_AWAY_2026-08-22,NO DATA,False,NO DATA — PENDING,,,,football-data.co.uk (no data),,False
Fenerbahçe v Konyaspor (Turkish Super Lig),Turkish Super Lig,OVER_1_5,Over 1.5,0.863916439157062,0,Bet365,2026-08-22,Fenerbahçe_v_Konyaspor_Turkish_Super_Lig_OVER_1_5_2026-08-22,NO DATA,False,NO DATA — PENDING,,,,football-data.co.uk (no data),,False
Fenerbahçe v Konyaspor (Turkish Super Lig),Turkish Super Lig,OVER_2_5,Over 2.5,0.6697184764581889,0,Bet365,2026-08-22,Fenerbahçe_v_Konyaspor_Turkish_Super_Lig_OVER_2_5_2026-08-22,NO DATA,False,NO DATA — PENDING,,,,football-data.co.uk (no data),,False
Fenerbahçe v Konyaspor (Turkish Super Lig),Turkish Super Lig,OVER_3_5,Over 3.5,0.45242491781903066,0,Bet365,2026-08-22,Fenerbahçe_v_Konyaspor_Turkish_Super_Lig_OVER_3_5_2026-08-22,NO DATA,False,NO DATA — PENDING,,,,football-data.co.uk (no data),,False
Fenerbahçe v Konyaspor (Turkish Super Lig),Turkish Super Lig,BTTS_YES,BTTS Yes,0.5295423795276244,0,Bet365,2026-08-22,Fenerbahçe_v_Konyaspor_Turkish_Super_Lig_BTTS_YES_2026-08-22,NO DATA,False,NO DATA — PENDING,,,,football-data.co.uk (no data),,False
Fenerbahçe v Konyaspor (Turkish Super Lig),Turkish Super Lig,BTTS_NO,BTTS No,0.4704576204723756,0,Bet365,2026-08-22,Fenerbahçe_v_Konyaspor_Turkish_Super_Lig_BTTS_NO_2026-08-22,NO DATA,False,NO DATA — PENDING,,,,football-data.co.uk (no data),,False
Fenerbahce v Konyaspor (Turkish Super Lig),Turkish Super Lig,1X2_HOME,Home Win,0.7669465788535188,1.32,SportyBet Nigeria,2026-08-22,Fenerbahce_v_Konyaspor_Turkish_Super_Lig_1X2_HOME_2026-08-22,NO DATA,False,NO DATA — PENDING,,,,football-data.co.uk (no data),,False
Fenerbahce v Konyaspor (Turkish Super Lig),Turkish Super Lig,1X2_DRAW,Draw,0.1954277266374804,0,SportyBet Nigeria,2026-08-22,Fenerbahce_v_Konyaspor_Turkish_Super_Lig_1X2_DRAW_2026-08-22,NO DATA,False,NO DATA — PENDING,,,,football-data.co.uk (no data),,False
Fenerbahce v Konyaspor (Turkish Super Lig),Turkish Super Lig,1X2_AWAY,Away Win,0.0376256945090008,0,SportyBet Nigeria,2026-08-22,Fenerbahce_v_Konyaspor_Turkish_Super_Lig_1X2_AWAY_2026-08-22,NO DATA,False,NO DATA — PENDING,,,,football-data.co.uk (no data),,False
